[
{
  "model": "sessions.session",
  "pk": "cukugsxedntofa06y85qu0ttubkxgp55",
  "fields": {
    "session_data": ".eJxVjMsOwiAQRf-FtSHQFoZx6d5vaIZhkKqBpI-V8d-1SRe6veec-1IjbWsZt0XmcUrqrKw6_W6R-CF1B-lO9dY0t7rOU9S7og-66GtL8rwc7t9BoaV86wicTR6cwcGazB0a8BBEOgsZkXr2IMEH56D3zmJOwIkByFBEi4Lq_QHN8Tdu:1po6EC:xS7OczK5_6DSHegPpDOJy1uyRNb3jG6_-o3ACVRF0dQ",
    "expire_date": "2023-04-30T17:31:52.315Z"
  }
},
{
  "model": "sessions.session",
  "pk": "thttnhcmez5tpq0iovswnrv3p1sy5esj",
  "fields": {
    "session_data": ".eJxVjMsOwiAQRf-FtSHQFoZx6d5vaIZhkKqBpI-V8d-1SRe6veec-1IjbWsZt0XmcUrqrKw6_W6R-CF1B-lO9dY0t7rOU9S7og-66GtL8rwc7t9BoaV86wicTR6cwcGazB0a8BBEOgsZkXr2IMEH56D3zmJOwIkByFBEi4Lq_QHN8Tdu:1poYPF:zRK_f2b-qy6PKFflAgskAIoFB1aITXtyME0E3MAxj4s",
    "expire_date": "2023-05-01T23:37:09.148Z"
  }
},
{
  "model": "sessions.session",
  "pk": "umpnbhj0erh3h7qaxaeolb9r43t19d22",
  "fields": {
    "session_data": ".eJxVjMsOwiAQRf-FtSHQFoZx6d5vaIZhkKqBpI-V8d-1SRe6veec-1IjbWsZt0XmcUrqrKw6_W6R-CF1B-lO9dY0t7rOU9S7og-66GtL8rwc7t9BoaV86wicTR6cwcGazB0a8BBEOgsZkXr2IMEH56D3zmJOwIkByFBEi4Lq_QHN8Tdu:1poawe:ViaanAU5uOwvWzKfyR4WXuiGAOyKXIKJ5dMJXjmQi-I",
    "expire_date": "2023-05-02T02:19:48.665Z"
  }
},
{
  "model": "accounts.user",
  "fields": {
    "last_login": "2023-04-16T17:31:52.310Z",
    "is_active": true,
    "date_joined": "2023-04-16T17:29:01.434Z",
    "username": "admin",
    "password": "pbkdf2_sha256$390000$JwifxFavPLGIy3gexmnjAl$oEDrtRI6/H4sKZ69n6OxcHUCQqES1vyKh/MIqfse1aw=",
    "first_name": "admin",
    "last_name": "admin",
    "email": "admin@123.com",
    "phone": "123123123",
    "address": "12",
    "government_id": "",
    "emergency_contact": "",
    "joined_in": "2023-04-16",
    "bio": "",
    "avatar": "",
    "is_host": false,
    "is_staff": true,
    "is_superuser": true,
    "groups": [],
    "user_permissions": []
  }
},
{
  "model": "accounts.user",
  "fields": {
    "last_login": null,
    "is_active": true,
    "date_joined": "2023-04-16T17:32:41.983Z",
    "username": "bob",
    "password": "pbkdf2_sha256$390000$LR9yq584BeNl6KcugrpE60$l3klIDGYQbpQdAn9HTivsUHVnyQxlPc6odCM8Rg6xQ8=",
    "first_name": "bob",
    "last_name": "wong",
    "email": "bob@123.com",
    "phone": "123",
    "address": "",
    "government_id": "",
    "emergency_contact": "",
    "joined_in": "2023-04-16",
    "bio": "",
    "avatar": "avatars/v2-8795cdad4588f7ca5b6004fd70710134_720w_MStgpFU.gif",
    "is_host": false,
    "is_staff": false,
    "is_superuser": false,
    "groups": [],
    "user_permissions": []
  }
},
{
  "model": "accounts.user",
  "fields": {
    "last_login": null,
    "is_active": true,
    "date_joined": "2023-04-16T17:33:14Z",
    "username": "lu",
    "password": "pbkdf2_sha256$390000$wLIuM1yMJ9zNR3sOkTcLOy$0NehfGE50XP6Bi0pJtNXcpUhlZ7eqyK7KczcEwF9Csk=",
    "first_name": "lucas",
    "last_name": "lei",
    "email": "lu@123.com",
    "phone": "123",
    "address": "12",
    "government_id": "",
    "emergency_contact": "",
    "joined_in": "2023-04-16",
    "bio": "",
    "avatar": "avatars/aloneInUniverse.jpg",
    "is_host": false,
    "is_staff": false,
    "is_superuser": false,
    "groups": [],
    "user_permissions": []
  }
},
{
  "model": "accounts.user",
  "fields": {
    "last_login": null,
    "is_active": true,
    "date_joined": "2023-04-16T19:01:16.706Z",
    "username": "helena",
    "password": "pbkdf2_sha256$390000$PY5FYC0m3dAFOAzRB7obZO$M4a0LCpOxx60lXwt1599U4NlGquLTaGNHJ+3T337rj4=",
    "first_name": "helena",
    "last_name": "fu",
    "email": "helena@123.com",
    "phone": "123",
    "address": "",
    "government_id": "",
    "emergency_contact": "",
    "joined_in": "2023-04-16",
    "bio": "",
    "avatar": "avatars/asd_ZQiQJX2.jpg",
    "is_host": false,
    "is_staff": false,
    "is_superuser": false,
    "groups": [],
    "user_permissions": []
  }
},
{
  "model": "accounts.user",
  "fields": {
    "last_login": null,
    "is_active": true,
    "date_joined": "2023-04-20T05:16:56.159Z",
    "username": "tedd",
    "password": "pbkdf2_sha256$390000$eU61U8Xy3YXCgUu4aVTYPS$CarL3rLSwj9Z96TURYMa6WEd2jT7lMFATFqZ/kjPk6U=",
    "first_name": "Ted",
    "last_name": "Lei",
    "email": "ted@123.com",
    "phone": "123",
    "address": "",
    "government_id": "",
    "emergency_contact": "",
    "joined_in": "2023-04-20",
    "bio": "",
    "avatar": "",
    "is_host": false,
    "is_staff": false,
    "is_superuser": false,
    "groups": [],
    "user_permissions": []
  }
},
{
  "model": "accounts.user",
  "fields": {
    "last_login": null,
    "is_active": true,
    "date_joined": "2023-04-21T15:20:20.618Z",
    "username": "authur",
    "password": "pbkdf2_sha256$390000$wABTSigh7keGYIdECcS2H6$ap0/MMtRjKXbnGh0l8xsiOrCX/ABWyVc3DZ2IzwL2Wc=",
    "first_name": "Arthur",
    "last_name": "Li",
    "email": "arthur@123.com",
    "phone": "321321",
    "address": "",
    "government_id": "",
    "emergency_contact": "",
    "joined_in": "2023-04-21",
    "bio": "",
    "avatar": "avatars/cxy_P3FO323.jpg",
    "is_host": false,
    "is_staff": false,
    "is_superuser": false,
    "groups": [],
    "user_permissions": []
  }
},
{
  "model": "property.property",
  "pk": 1,
  "fields": {
    "title": "Spacious family cottage 45 mins from GTA!",
    "host": [
      "lu"
    ],
    "price": "250.00",
    "street": "12 out st",
    "city": "Innisfil",
    "province": "Ontario",
    "country": "CA",
    "postal_code": "T3sad",
    "max_guests": 8,
    "rating": "5.00",
    "content": "A rustic family lake house with modern touches. Comfortable beds, games, hot tub, ice fishing, boating and more. The perfect family getaway. Large enough to comfortably accommodate 2 families.",
    "beds": 5,
    "baths": 3,
    "amenities": "wifi,tv,kitchen,air_conditioning,heating,washer",
    "start_available_date": "2023-04-16",
    "end_available_date": null,
    "created_at": "2023-04-16T17:37:13.269Z",
    "modified_at": "2023-04-21T15:40:53.083Z"
  }
},
{
  "model": "property.property",
  "pk": 4,
  "fields": {
    "title": "Two storey mansion in Montreal",
    "host": [
      "lu"
    ],
    "price": "100.00",
    "street": "neibours avenue",
    "city": "Montreal",
    "province": "Quebec",
    "country": "CA",
    "postal_code": "123456",
    "max_guests": 6,
    "rating": "4.61",
    "content": "",
    "beds": 4,
    "baths": 3,
    "amenities": "wifi,washer,tv",
    "start_available_date": "2023-03-12",
    "end_available_date": null,
    "created_at": "2023-04-16T17:45:23.155Z",
    "modified_at": "2023-04-21T15:40:53.038Z"
  }
},
{
  "model": "property.property",
  "pk": 5,
  "fields": {
    "title": "$0 Cleaning Fee - 10 Min walk to Stampede!",
    "host": [
      "helena"
    ],
    "price": "2000.00",
    "street": "100 southeast st",
    "city": "Calgary",
    "province": "Alberta",
    "country": "CA",
    "postal_code": "123456",
    "max_guests": 6,
    "rating": "5.00",
    "content": "Our home is a 10-15 min walk from the Stampede Grounds and is located in the prime Ramsay/Inglewood neighbourhood. Situated on a quiet street three blocks south of 9th avenue where all the best local bars, restaurants and nightlife. The home features a private entrance, 3 queen bedrooms, 1 King Bed Loft, 1 queen pullout couch, 4 full bathrooms, 2 full kitchens, 2 living rooms, dinning room, and 2 in-suite laundry sets. You will also have access to a private backyard with a BBQ and patio set.",
    "beds": 5,
    "baths": 3,
    "amenities": "wifi,tv,kitchen,workspace,air_conditioning,heating,washer,dryer",
    "start_available_date": "2023-03-12",
    "end_available_date": null,
    "created_at": "2023-04-16T19:08:29.120Z",
    "modified_at": "2023-04-21T15:40:59.071Z"
  }
},
{
  "model": "property.property",
  "pk": 6,
  "fields": {
    "title": "ADIRONDACK LUXURY VILLA WITH HOTUB (NEW BUILD)",
    "host": [
      "bob"
    ],
    "price": "732.00",
    "street": "neibours avenue",
    "city": "Remsen",
    "province": "New York",
    "country": "US",
    "postal_code": "123456",
    "max_guests": 8,
    "rating": "5.00",
    "content": "This brand-new luxurious property features floor to ceiling Marvin windows with with built-in hot tub and outdoor propane fireplace overlooking the glorious lake and mountain scenery!\n\nThe all-white modern interior boasts high-end appliances and fixtures making your stay a true luxury escape. High end ‘TheCompanyStore’ bedding! Gourmet kitchen with 6 burner Zline gas stove, convection oven, built in fridge/freezer drawers and an Insta Hot water faucet for tea lovers. Smart auto flush toilet!",
    "beds": 5,
    "baths": 3,
    "amenities": "washer,tv,wifi,workspace",
    "start_available_date": "2023-02-21",
    "end_available_date": null,
    "created_at": "2023-04-18T06:08:06.681Z",
    "modified_at": "2023-04-21T15:40:55.443Z"
  }
},
{
  "model": "property.property",
  "pk": 9,
  "fields": {
    "title": "Timber Haven",
    "host": [
      "helena"
    ],
    "price": "349.00",
    "street": "11 elleen st",
    "city": "Hamilton",
    "province": "Ontario",
    "country": "CA",
    "postal_code": "123123",
    "max_guests": 4,
    "rating": "5.00",
    "content": "Reconnect with nature at this unforgettable timber frame tiny home. Nestled along the edge of the forest, overlooking a pond, this newly constructed home features a full kitchen, bathroom, private deck, hot tub, and stone patio with fire pit.  Sleeping loft accessible by ladder comfortably sleeps four with expansive views of nature.",
    "beds": 2,
    "baths": 1,
    "amenities": "kitchen,heating,workspace,air_conditioning,tv,wifi,dryer,washer",
    "start_available_date": "2023-04-20",
    "end_available_date": null,
    "created_at": "2023-04-21T03:06:56.142Z",
    "modified_at": "2023-04-21T15:40:54.444Z"
  }
},
{
  "model": "property.property",
  "pk": 10,
  "fields": {
    "title": "Escape North to Muskoka A-Frame | 4-Season Chalet",
    "host": [
      "bob"
    ],
    "price": "280.00",
    "street": "123 asdasd",
    "city": "Huntsville",
    "province": "Ontario",
    "country": "CA",
    "postal_code": "M23 asd",
    "max_guests": 2,
    "rating": "5.00",
    "content": "Welcome to Muskoka A-frame, the perfect couple’s getaway or solo retreat, nestled in beautiful Hidden Valley. This classic 70’s A-frame has been re-imagined for the modern world. Wake up to swaying treetops, make gourmet meals & relax by the fire, with 2-story forest views.",
    "beds": 1,
    "baths": 1,
    "amenities": "tv,wifi,kitchen,workspace,air_conditioning,dryer,heating,washer",
    "start_available_date": "2023-04-21",
    "end_available_date": null,
    "created_at": "2023-04-21T05:10:28.517Z",
    "modified_at": "2023-04-21T15:40:54.130Z"
  }
},
{
  "model": "property.property",
  "pk": 11,
  "fields": {
    "title": "Full Service Villa / ATELIER ArtVillas Costa Rica",
    "host": [
      "bob"
    ],
    "price": "1118.00",
    "street": "Costa ri road",
    "city": "Uvita, Osa",
    "province": "Puntaneras",
    "country": "CR",
    "postal_code": "asd asd",
    "max_guests": 6,
    "rating": "5.00",
    "content": "All accommodation BREAKFAST INCLUDED Transcend the boundaries between inside and outside. Slide open the walls, slip through, and behold the striking expanse of the outside world. Just above beautiful beach with ocean view and jungle setting. Just published in Wall Paper, Dezeen etc etc.  We are only 1km from the main road and beach on a steep unpaved road hill, giving you superb ocean view but you need 4x4 car for access. All rooms are A/C",
    "beds": 3,
    "baths": 2,
    "amenities": "washer,dryer,air_conditioning,kitchen,tv,workspace,wifi,heating",
    "start_available_date": "2023-04-21",
    "end_available_date": null,
    "created_at": "2023-04-21T05:22:37.024Z",
    "modified_at": "2023-04-21T15:40:58.752Z"
  }
},
{
  "model": "property.property",
  "pk": 12,
  "fields": {
    "title": "Architectural Masterpiece | Best View in Telluride",
    "host": [
      "lu"
    ],
    "price": "801.00",
    "street": "123 main st",
    "city": "Telluride",
    "province": "Colorado",
    "country": "US",
    "postal_code": "123 123",
    "max_guests": 8,
    "rating": "5.00",
    "content": "Prepare to be blown away by the exquisite architecture and views that just don't stop.  WE GUARANTEE THIS WILL BE THE MOST AMAZING AIRBNB EVER!  This modern mountain home was just remodeled and sits on over 2 acres. It is nestled in an aspen forest making it the perfect place to get away from it all, yet it is less than 5 miles from the heart of Telluride and only 3 miles to the free Mountain Village parking garage with ski-in/ski-out access and a free gondola that drops you right into Telluride",
    "beds": 5,
    "baths": 2,
    "amenities": "wifi,workspace,kitchen,washer,air_conditioning,tv",
    "start_available_date": "2023-04-14",
    "end_available_date": null,
    "created_at": "2023-04-21T15:16:21.465Z",
    "modified_at": "2023-04-21T15:40:55.814Z"
  }
},
{
  "model": "property.photo",
  "pk": 1,
  "fields": {
    "file": "property_photos/35d5e52fc9d560a89a9fc59fb327e50.jpg",
    "property": 4,
    "created_at": "2023-04-16T17:45:23.164Z",
    "modified_at": "2023-04-16T17:45:23.164Z"
  }
},
{
  "model": "property.photo",
  "pk": 2,
  "fields": {
    "file": "property_photos/a32d139404887e15f78b449de67804c.jpg",
    "property": 4,
    "created_at": "2023-04-16T17:45:23.172Z",
    "modified_at": "2023-04-16T17:45:23.172Z"
  }
},
{
  "model": "property.photo",
  "pk": 3,
  "fields": {
    "file": "property_photos/IMG_20201218_211442.jpg",
    "property": 4,
    "created_at": "2023-04-16T17:45:23.178Z",
    "modified_at": "2023-04-16T17:45:23.178Z"
  }
},
{
  "model": "property.photo",
  "pk": 4,
  "fields": {
    "file": "property_photos/IMG_20201218_211510.jpg",
    "property": 4,
    "created_at": "2023-04-16T17:45:23.185Z",
    "modified_at": "2023-04-16T17:45:23.185Z"
  }
},
{
  "model": "property.photo",
  "pk": 5,
  "fields": {
    "file": "property_photos/059b27f3-99af-4e61-995b-1b1475f22269.webp",
    "property": 1,
    "created_at": "2023-04-16T17:45:30.270Z",
    "modified_at": "2023-04-16T17:45:30.270Z"
  }
},
{
  "model": "property.photo",
  "pk": 6,
  "fields": {
    "file": "property_photos/1c646be4-f93b-4eb3-a8b5-9b6573f1fe87.webp",
    "property": 1,
    "created_at": "2023-04-16T17:45:43.939Z",
    "modified_at": "2023-04-16T17:45:43.939Z"
  }
},
{
  "model": "property.photo",
  "pk": 7,
  "fields": {
    "file": "property_photos/866a4f32-448b-4ba1-84d8-9794e4ac9aba.webp",
    "property": 5,
    "created_at": "2023-04-16T19:08:29.130Z",
    "modified_at": "2023-04-16T19:08:29.130Z"
  }
},
{
  "model": "property.photo",
  "pk": 8,
  "fields": {
    "file": "property_photos/58b5027d-9bbf-4b4a-8d0d-5c9a1cda087e.webp",
    "property": 5,
    "created_at": "2023-04-16T19:08:29.136Z",
    "modified_at": "2023-04-16T19:08:29.137Z"
  }
},
{
  "model": "property.photo",
  "pk": 9,
  "fields": {
    "file": "property_photos/08066ad8-99b1-4535-a2f6-44bbb3f9c10a.webp",
    "property": 5,
    "created_at": "2023-04-16T19:08:29.145Z",
    "modified_at": "2023-04-16T19:08:29.145Z"
  }
},
{
  "model": "property.photo",
  "pk": 10,
  "fields": {
    "file": "property_photos/af5aca48-b825-46b9-9bb2-b35f232c90d2.webp",
    "property": 5,
    "created_at": "2023-04-16T19:08:29.151Z",
    "modified_at": "2023-04-16T19:08:29.151Z"
  }
},
{
  "model": "property.photo",
  "pk": 11,
  "fields": {
    "file": "property_photos/942f3aa9-7b65-4a0a-b407-23be58ad4b1c.webp",
    "property": 5,
    "created_at": "2023-04-16T19:08:29.159Z",
    "modified_at": "2023-04-16T19:08:29.159Z"
  }
},
{
  "model": "property.photo",
  "pk": 12,
  "fields": {
    "file": "property_photos/f9061ee9-b12f-408a-bf10-3c92bd6f3608.webp",
    "property": 5,
    "created_at": "2023-04-16T19:08:29.166Z",
    "modified_at": "2023-04-16T19:08:29.166Z"
  }
},
{
  "model": "property.photo",
  "pk": 13,
  "fields": {
    "file": "property_photos/ae8adae9-7c03-44b8-923a-c0c7c8ef0aae.webp",
    "property": 6,
    "created_at": "2023-04-18T06:08:06.811Z",
    "modified_at": "2023-04-18T06:08:06.811Z"
  }
},
{
  "model": "property.photo",
  "pk": 14,
  "fields": {
    "file": "property_photos/6e959fbc-802f-4362-bd16-42a5dfee2c38.webp",
    "property": 6,
    "created_at": "2023-04-18T06:08:06.950Z",
    "modified_at": "2023-04-18T06:08:06.950Z"
  }
},
{
  "model": "property.photo",
  "pk": 15,
  "fields": {
    "file": "property_photos/ebc39f38-68c1-4a16-a071-169f4e6633e9.webp",
    "property": 6,
    "created_at": "2023-04-18T06:08:07.076Z",
    "modified_at": "2023-04-18T06:08:07.076Z"
  }
},
{
  "model": "property.photo",
  "pk": 16,
  "fields": {
    "file": "property_photos/389fd530-4121-4cd1-a850-a71a597fa3b9.webp",
    "property": 6,
    "created_at": "2023-04-18T06:08:07.220Z",
    "modified_at": "2023-04-18T06:08:07.220Z"
  }
},
{
  "model": "property.photo",
  "pk": 17,
  "fields": {
    "file": "property_photos/5470e1c9-bd7f-4812-a8b4-d93dfdeeb1ad.webp",
    "property": 6,
    "created_at": "2023-04-18T06:08:07.329Z",
    "modified_at": "2023-04-18T06:08:07.329Z"
  }
},
{
  "model": "property.photo",
  "pk": 19,
  "fields": {
    "file": "property_photos/83a72fef-865c-4235-8b04-517a6303a5e1_U52c3rP.webp",
    "property": 9,
    "created_at": "2023-04-21T03:06:56.152Z",
    "modified_at": "2023-04-21T03:06:56.152Z"
  }
},
{
  "model": "property.photo",
  "pk": 20,
  "fields": {
    "file": "property_photos/5a8e106e-e788-405b-a670-142e672e82d3_MGvDR2u.webp",
    "property": 9,
    "created_at": "2023-04-21T03:06:56.160Z",
    "modified_at": "2023-04-21T03:06:56.160Z"
  }
},
{
  "model": "property.photo",
  "pk": 21,
  "fields": {
    "file": "property_photos/c4eca5a6-962d-40d0-9eee-36a103848c3d_GLyVt0S.webp",
    "property": 9,
    "created_at": "2023-04-21T03:06:56.167Z",
    "modified_at": "2023-04-21T03:06:56.167Z"
  }
},
{
  "model": "property.photo",
  "pk": 22,
  "fields": {
    "file": "property_photos/55ea1f7b-911e-46d9-b35c-aa288d8127dc.webp",
    "property": 10,
    "created_at": "2023-04-21T05:10:28.656Z",
    "modified_at": "2023-04-21T05:10:28.656Z"
  }
},
{
  "model": "property.photo",
  "pk": 23,
  "fields": {
    "file": "property_photos/f1474bd5-16a7-4699-b33a-b036f2f37c8e.webp",
    "property": 10,
    "created_at": "2023-04-21T05:10:28.737Z",
    "modified_at": "2023-04-21T05:10:28.737Z"
  }
},
{
  "model": "property.photo",
  "pk": 24,
  "fields": {
    "file": "property_photos/dbfd10f9-d021-4a27-95e8-4aa4a273a236.webp",
    "property": 10,
    "created_at": "2023-04-21T05:10:28.830Z",
    "modified_at": "2023-04-21T05:10:28.830Z"
  }
},
{
  "model": "property.photo",
  "pk": 25,
  "fields": {
    "file": "property_photos/a69c6a71-6955-4e9f-89b1-1954decb5e9c.webp",
    "property": 10,
    "created_at": "2023-04-21T05:10:28.938Z",
    "modified_at": "2023-04-21T05:10:28.938Z"
  }
},
{
  "model": "property.photo",
  "pk": 26,
  "fields": {
    "file": "property_photos/751e1606-5d0d-44a9-aa8f-c5c62cf32481.webp",
    "property": 11,
    "created_at": "2023-04-21T05:22:37.166Z",
    "modified_at": "2023-04-21T05:22:37.166Z"
  }
},
{
  "model": "property.photo",
  "pk": 27,
  "fields": {
    "file": "property_photos/d6e949a0-b868-442e-bdb0-bb59ef8cd4f8.webp",
    "property": 11,
    "created_at": "2023-04-21T05:22:37.280Z",
    "modified_at": "2023-04-21T05:22:37.280Z"
  }
},
{
  "model": "property.photo",
  "pk": 28,
  "fields": {
    "file": "property_photos/cd1758e1-1517-4775-a89a-557a14f08c90.webp",
    "property": 11,
    "created_at": "2023-04-21T05:22:37.368Z",
    "modified_at": "2023-04-21T05:22:37.368Z"
  }
},
{
  "model": "property.photo",
  "pk": 29,
  "fields": {
    "file": "property_photos/df2637ee-6cbc-4445-9e04-f99e96913e43.webp",
    "property": 11,
    "created_at": "2023-04-21T05:22:37.480Z",
    "modified_at": "2023-04-21T05:22:37.480Z"
  }
},
{
  "model": "property.photo",
  "pk": 30,
  "fields": {
    "file": "property_photos/8a711d88-b996-46c5-a0b4-016fa8a942a5.webp",
    "property": 11,
    "created_at": "2023-04-21T05:22:37.602Z",
    "modified_at": "2023-04-21T05:22:37.602Z"
  }
},
{
  "model": "property.photo",
  "pk": 31,
  "fields": {
    "file": "property_photos/2791e195-35fc-4d6e-9de2-6c43db1536a2.webp",
    "property": 12,
    "created_at": "2023-04-21T15:16:21.992Z",
    "modified_at": "2023-04-21T15:16:21.992Z"
  }
},
{
  "model": "property.photo",
  "pk": 32,
  "fields": {
    "file": "property_photos/8a12d2e1-d27b-44c7-b33f-1bc18918db5f.webp",
    "property": 12,
    "created_at": "2023-04-21T15:16:22.306Z",
    "modified_at": "2023-04-21T15:16:22.306Z"
  }
},
{
  "model": "property.photo",
  "pk": 33,
  "fields": {
    "file": "property_photos/73dd521b-d947-4501-aa46-fe2a72c8e8b3.webp",
    "property": 12,
    "created_at": "2023-04-21T15:16:22.632Z",
    "modified_at": "2023-04-21T15:16:22.632Z"
  }
},
{
  "model": "property.photo",
  "pk": 34,
  "fields": {
    "file": "property_photos/efb53edb-e8a2-4ace-84ff-f1315db65ee4.webp",
    "property": 12,
    "created_at": "2023-04-21T15:16:22.924Z",
    "modified_at": "2023-04-21T15:16:22.924Z"
  }
},
{
  "model": "reservations.reservations",
  "pk": 5,
  "fields": {
    "property": 4,
    "start_date": "2023-04-20",
    "end_date": "2023-04-21",
    "reserved_by": [
      "bob"
    ],
    "number_guests": 1,
    "status": "completed"
  }
},
{
  "model": "reservations.reservations",
  "pk": 6,
  "fields": {
    "property": 10,
    "start_date": "2023-04-21",
    "end_date": "2023-04-28",
    "reserved_by": [
      "lu"
    ],
    "number_guests": 2,
    "status": "completed"
  }
},
{
  "model": "reservations.reservations",
  "pk": 7,
  "fields": {
    "property": 4,
    "start_date": "2023-04-03",
    "end_date": "2023-04-12",
    "reserved_by": [
      "bob"
    ],
    "number_guests": 1,
    "status": "completed"
  }
},
{
  "model": "reservations.reservations",
  "pk": 8,
  "fields": {
    "property": 4,
    "start_date": "2023-04-10",
    "end_date": "2023-04-12",
    "reserved_by": [
      "bob"
    ],
    "number_guests": 1,
    "status": "completed"
  }
},
{
  "model": "reservations.reservations",
  "pk": 9,
  "fields": {
    "property": 1,
    "start_date": "2023-04-21",
    "end_date": "2023-04-21",
    "reserved_by": [
      "authur"
    ],
    "number_guests": 2,
    "status": "canceled"
  }
},
{
  "model": "reservations.reservations",
  "pk": 10,
  "fields": {
    "property": 1,
    "start_date": "2023-04-21",
    "end_date": "2023-04-22",
    "reserved_by": [
      "authur"
    ],
    "number_guests": 1,
    "status": "approved"
  }
},
{
  "model": "reservations.reservations",
  "pk": 11,
  "fields": {
    "property": 1,
    "start_date": "2023-04-21",
    "end_date": "2023-04-22",
    "reserved_by": [
      "authur"
    ],
    "number_guests": 1,
    "status": "denied"
  }
},
{
  "model": "reservations.reservations",
  "pk": 12,
  "fields": {
    "property": 1,
    "start_date": "2023-04-21",
    "end_date": "2023-04-22",
    "reserved_by": [
      "authur"
    ],
    "number_guests": 1,
    "status": "pending"
  }
},
{
  "model": "notifications.notification",
  "pk": 1,
  "fields": {
    "message": "You have a new reservation request for your property *$0 Cleaning Fee - 10 Min walk to Stampede!*.",
    "receiver": [
      "helena"
    ],
    "is_read": false,
    "created_at": "2023-04-20T23:26:27.303Z"
  }
},
{
  "model": "notifications.notification",
  "pk": 2,
  "fields": {
    "message": "The guest lu has left a review for your property *The Knotty Pine a Romantic Getaway*.",
    "receiver": [
      "bob"
    ],
    "is_read": false,
    "created_at": "2023-04-18T02:32:25.443Z"
  }
},
{
  "model": "notifications.notification",
  "pk": 3,
  "fields": {
    "message": "Guest lu has replied to the review for *The Knotty Pine a Romantic Getaway*.",
    "receiver": [
      "bob"
    ],
    "is_read": false,
    "created_at": "2023-04-18T03:56:07.571Z"
  }
},
{
  "model": "notifications.notification",
  "pk": 4,
  "fields": {
    "message": "Guest lu has replied to the review for *The Knotty Pine a Romantic Getaway*.",
    "receiver": [
      "bob"
    ],
    "is_read": false,
    "created_at": "2023-04-18T04:28:10.892Z"
  }
},
{
  "model": "notifications.notification",
  "pk": 5,
  "fields": {
    "message": "Guest lu has replied to the review for *The Knotty Pine a Romantic Getaway*.",
    "receiver": [
      "bob"
    ],
    "is_read": false,
    "created_at": "2023-04-18T09:13:28.416Z"
  }
},
{
  "model": "notifications.notification",
  "pk": 6,
  "fields": {
    "message": "You have a new reservation request for your property *The Knotty Pine a Romantic Getaway*.",
    "receiver": [
      "bob"
    ],
    "is_read": false,
    "created_at": "2023-04-19T06:09:42.121Z"
  }
},
{
  "model": "notifications.notification",
  "pk": 7,
  "fields": {
    "message": "You have a new reservation request for your property *The Knotty Pine a Romantic Getaway*.",
    "receiver": [
      "bob"
    ],
    "is_read": false,
    "created_at": "2023-04-19T06:09:48.244Z"
  }
},
{
  "model": "notifications.notification",
  "pk": 13,
  "fields": {
    "message": "You have a new reservation request for your property *Two storey mansion in Montreal*.",
    "receiver": [
      "lu"
    ],
    "is_read": false,
    "created_at": "2023-04-21T06:09:47.353Z"
  }
},
{
  "model": "notifications.notification",
  "pk": 14,
  "fields": {
    "message": "You have a new reservation request for your property *Two storey mansion in Montreal*.",
    "receiver": [
      "lu"
    ],
    "is_read": false,
    "created_at": "2023-04-21T06:10:01.814Z"
  }
},
{
  "model": "notifications.notification",
  "pk": 15,
  "fields": {
    "message": "Host lucas has approved your reservation for Two storey mansion in Montreal.",
    "receiver": [
      "bob"
    ],
    "is_read": false,
    "created_at": "2023-04-21T06:10:18.768Z"
  }
},
{
  "model": "notifications.notification",
  "pk": 16,
  "fields": {
    "message": "Host lucas has approved your reservation for Two storey mansion in Montreal.",
    "receiver": [
      "bob"
    ],
    "is_read": false,
    "created_at": "2023-04-21T06:10:20.824Z"
  }
},
{
  "model": "notifications.notification",
  "pk": 17,
  "fields": {
    "message": "Host lucas has completed your reservation for Two storey mansion in Montreal.",
    "receiver": [
      "bob"
    ],
    "is_read": false,
    "created_at": "2023-04-21T06:10:24.305Z"
  }
},
{
  "model": "notifications.notification",
  "pk": 18,
  "fields": {
    "message": "Host lucas has completed your reservation for Two storey mansion in Montreal.",
    "receiver": [
      "bob"
    ],
    "is_read": false,
    "created_at": "2023-04-21T06:10:25.806Z"
  }
},
{
  "model": "notifications.notification",
  "pk": 19,
  "fields": {
    "message": "Host lu has replied to the review for *Two storey mansion in Montreal*.",
    "receiver": [
      "bob"
    ],
    "is_read": false,
    "created_at": "2023-04-21T06:12:06.959Z"
  }
},
{
  "model": "notifications.notification",
  "pk": 21,
  "fields": {
    "message": "The host bob has left a review for your reservation at *Escape North to Muskoka A-Frame | 4-Season Chalet*.",
    "receiver": [
      "lu"
    ],
    "is_read": false,
    "created_at": "2023-04-21T08:26:58.461Z"
  }
},
{
  "model": "notifications.notification",
  "pk": 22,
  "fields": {
    "message": "You have a new reservation request for your property *Spacious family cottage 45 mins from GTA!*.",
    "receiver": [
      "lu"
    ],
    "is_read": false,
    "created_at": "2023-04-21T15:24:43.966Z"
  }
},
{
  "model": "notifications.notification",
  "pk": 23,
  "fields": {
    "message": "Host lucas has approved your reservation for Spacious family cottage 45 mins from GTA!.",
    "receiver": [
      "authur"
    ],
    "is_read": true,
    "created_at": "2023-04-21T15:26:35.711Z"
  }
},
{
  "model": "notifications.notification",
  "pk": 24,
  "fields": {
    "message": "Arthur has requested to cancel the reservation for property Spacious family cottage 45 mins from GTA!.",
    "receiver": [
      "lu"
    ],
    "is_read": false,
    "created_at": "2023-04-21T15:28:12.412Z"
  }
},
{
  "model": "notifications.notification",
  "pk": 25,
  "fields": {
    "message": "Host lucas has canceled your reservation for Spacious family cottage 45 mins from GTA!.",
    "receiver": [
      "authur"
    ],
    "is_read": false,
    "created_at": "2023-04-21T15:28:44.780Z"
  }
},
{
  "model": "notifications.notification",
  "pk": 26,
  "fields": {
    "message": "You have a new reservation request for your property *Spacious family cottage 45 mins from GTA!*.",
    "receiver": [
      "lu"
    ],
    "is_read": false,
    "created_at": "2023-04-21T15:30:22.613Z"
  }
},
{
  "model": "notifications.notification",
  "pk": 27,
  "fields": {
    "message": "You have a new reservation request for your property *Spacious family cottage 45 mins from GTA!*.",
    "receiver": [
      "lu"
    ],
    "is_read": false,
    "created_at": "2023-04-21T15:30:33.741Z"
  }
},
{
  "model": "notifications.notification",
  "pk": 28,
  "fields": {
    "message": "Host lucas has approved your reservation for Spacious family cottage 45 mins from GTA!.",
    "receiver": [
      "authur"
    ],
    "is_read": false,
    "created_at": "2023-04-21T15:31:10.299Z"
  }
},
{
  "model": "notifications.notification",
  "pk": 29,
  "fields": {
    "message": "Host lucas has denied your reservation for Spacious family cottage 45 mins from GTA!.",
    "receiver": [
      "authur"
    ],
    "is_read": false,
    "created_at": "2023-04-21T15:31:38.110Z"
  }
},
{
  "model": "notifications.notification",
  "pk": 30,
  "fields": {
    "message": "You have a new reservation request for your property *Spacious family cottage 45 mins from GTA!*.",
    "receiver": [
      "lu"
    ],
    "is_read": false,
    "created_at": "2023-04-21T15:32:09.970Z"
  }
},
{
  "model": "notifications.notification",
  "pk": 32,
  "fields": {
    "message": "Guest bob has replied to the review for *Two storey mansion in Montreal*.",
    "receiver": [
      "lu"
    ],
    "is_read": false,
    "created_at": "2023-04-21T15:35:57.274Z"
  }
},
{
  "model": "notifications.notification",
  "pk": 33,
  "fields": {
    "message": "Guest bob has replied to the review for *Two storey mansion in Montreal*.",
    "receiver": [
      "lu"
    ],
    "is_read": false,
    "created_at": "2023-04-21T15:36:28.387Z"
  }
},
{
  "model": "notifications.notification",
  "pk": 34,
  "fields": {
    "message": "asd",
    "receiver": [
      "bob"
    ],
    "is_read": false,
    "created_at": "2023-04-21T15:38:17.161Z"
  }
},
{
  "model": "notifications.notification",
  "pk": 35,
  "fields": {
    "message": "asd",
    "receiver": [
      "bob"
    ],
    "is_read": false,
    "created_at": "2023-04-21T15:38:21.960Z"
  }
},
{
  "model": "notifications.notification",
  "pk": 36,
  "fields": {
    "message": "asd",
    "receiver": [
      "bob"
    ],
    "is_read": false,
    "created_at": "2023-04-21T15:38:26.568Z"
  }
},
{
  "model": "notifications.notification",
  "pk": 37,
  "fields": {
    "message": "asd",
    "receiver": [
      "bob"
    ],
    "is_read": false,
    "created_at": "2023-04-21T15:38:34.711Z"
  }
},
{
  "model": "notifications.notification",
  "pk": 38,
  "fields": {
    "message": "asd",
    "receiver": [
      "bob"
    ],
    "is_read": false,
    "created_at": "2023-04-21T15:38:38.786Z"
  }
},
{
  "model": "notifications.notification",
  "pk": 39,
  "fields": {
    "message": "asd",
    "receiver": [
      "bob"
    ],
    "is_read": false,
    "created_at": "2023-04-21T15:38:42.428Z"
  }
},
{
  "model": "reviews.review",
  "pk": 1,
  "fields": {
    "review": "asdsadsa",
    "accuracy": 5,
    "communication": 5,
    "cleanliness": 4,
    "location": 5,
    "check_in": 5,
    "value": 5,
    "reviewer": [
      "lu"
    ],
    "property": null,
    "reservation": null,
    "to_guest": false,
    "created_at": "2023-04-20T20:01:01.311Z"
  }
},
{
  "model": "reviews.review",
  "pk": 2,
  "fields": {
    "review": "Loved it, would go again!",
    "accuracy": 5,
    "communication": 3,
    "cleanliness": 4,
    "location": 5,
    "check_in": 5,
    "value": 5,
    "reviewer": [
      "lu"
    ],
    "property": null,
    "reservation": null,
    "to_guest": false,
    "created_at": "2023-04-18T02:32:25.344Z"
  }
},
{
  "model": "reviews.review",
  "pk": 3,
  "fields": {
    "review": "GOod",
    "accuracy": 5,
    "communication": 5,
    "cleanliness": 5,
    "location": 4,
    "check_in": 4,
    "value": 5,
    "reviewer": [
      "bob"
    ],
    "property": 4,
    "reservation": 5,
    "to_guest": false,
    "created_at": "2023-04-21T05:49:28.753Z"
  }
},
{
  "model": "reviews.review",
  "pk": 4,
  "fields": {
    "review": "Very nice place",
    "accuracy": 5,
    "communication": 5,
    "cleanliness": 5,
    "location": 5,
    "check_in": 4,
    "value": 5,
    "reviewer": [
      "bob"
    ],
    "property": 4,
    "reservation": 7,
    "to_guest": false,
    "created_at": "2023-04-21T06:11:20.762Z"
  }
},
{
  "model": "reviews.review",
  "pk": 5,
  "fields": {
    "review": "GOod",
    "accuracy": 5,
    "communication": 5,
    "cleanliness": 4,
    "location": 5,
    "check_in": 4,
    "value": 3,
    "reviewer": [
      "helena"
    ],
    "property": 4,
    "reservation": 8,
    "to_guest": false,
    "created_at": "2023-04-21T06:11:49.586Z"
  }
},
{
  "model": "reviews.review",
  "pk": 7,
  "fields": {
    "review": "THank you",
    "accuracy": 1,
    "communication": 1,
    "cleanliness": 1,
    "location": 1,
    "check_in": 1,
    "value": 1,
    "reviewer": [
      "bob"
    ],
    "property": 10,
    "reservation": 6,
    "to_guest": true,
    "created_at": "2023-04-21T08:26:58.341Z"
  }
},
{
  "model": "reviews.review",
  "pk": 8,
  "fields": {
    "review": "Good guest",
    "accuracy": 1,
    "communication": 1,
    "cleanliness": 1,
    "location": 1,
    "check_in": 1,
    "value": 1,
    "reviewer": [
      "lu"
    ],
    "property": 4,
    "reservation": 7,
    "to_guest": true,
    "created_at": "2023-04-21T15:33:27.335Z"
  }
},
{
  "model": "reviews.response",
  "pk": 1,
  "fields": {
    "review": 2,
    "user": [
      "lu"
    ],
    "reply": "Good",
    "created_at": "2023-04-18T03:56:07.449Z"
  }
},
{
  "model": "reviews.response",
  "pk": 2,
  "fields": {
    "review": 2,
    "user": [
      "bob"
    ],
    "reply": "Thanks :D",
    "created_at": "2023-04-18T04:26:34.029Z"
  }
},
{
  "model": "reviews.response",
  "pk": 3,
  "fields": {
    "review": 2,
    "user": [
      "lu"
    ],
    "reply": "Thanks :D",
    "created_at": "2023-04-18T04:28:10.765Z"
  }
},
{
  "model": "reviews.response",
  "pk": 4,
  "fields": {
    "review": 2,
    "user": [
      "bob"
    ],
    "reply": "Thanks :D",
    "created_at": "2023-04-18T04:28:18.666Z"
  }
},
{
  "model": "reviews.response",
  "pk": 5,
  "fields": {
    "review": 2,
    "user": [
      "lu"
    ],
    "reply": ":)",
    "created_at": "2023-04-18T09:13:28.222Z"
  }
},
{
  "model": "reviews.response",
  "pk": 6,
  "fields": {
    "review": 3,
    "user": [
      "lu"
    ],
    "reply": "Thanks:)",
    "created_at": "2023-04-21T05:49:49.243Z"
  }
},
{
  "model": "reviews.response",
  "pk": 11,
  "fields": {
    "review": 5,
    "user": [
      "lu"
    ],
    "reply": ":)",
    "created_at": "2023-04-21T06:12:06.849Z"
  }
},
{
  "model": "reviews.response",
  "pk": 12,
  "fields": {
    "review": 3,
    "user": [
      "bob"
    ],
    "reply": "Good",
    "created_at": "2023-04-21T15:35:56.918Z"
  }
},
{
  "model": "reviews.response",
  "pk": 13,
  "fields": {
    "review": 5,
    "user": [
      "bob"
    ],
    "reply": "asd",
    "created_at": "2023-04-21T15:36:28.076Z"
  }
},
{
  "model": "token_blacklist.outstandingtoken",
  "pk": 1,
  "fields": {
    "user": [
      "lu"
    ],
    "jti": "cea265cc11a14ec3af922cd58ad921a5",
    "token": "eyJhbGciOiJIUzI1NiIsInR5cCI6IkpXVCJ9.eyJ0b2tlbl90eXBlIjoicmVmcmVzaCIsImV4cCI6MTY4MjA5OTEwNiwiaWF0IjoxNjgxNjY3MTA2LCJqdGkiOiJjZWEyNjVjYzExYTE0ZWMzYWY5MjJjZDU4YWQ5MjFhNSIsInVzZXJfaWQiOjN9.Vc9L_E-I7THIYpY4XtJ5qD0SPjlBL16TDV0R3eEq4FE",
    "created_at": "2023-04-16T17:45:06.036Z",
    "expires_at": "2023-04-21T17:45:06Z"
  }
},
{
  "model": "token_blacklist.outstandingtoken",
  "pk": 2,
  "fields": {
    "user": [
      "helena"
    ],
    "jti": "bc9302dc1d1a4dc9b7b4fe1f65ed3c05",
    "token": "eyJhbGciOiJIUzI1NiIsInR5cCI6IkpXVCJ9.eyJ0b2tlbl90eXBlIjoicmVmcmVzaCIsImV4cCI6MTY4MjEwMzY5NSwiaWF0IjoxNjgxNjcxNjk1LCJqdGkiOiJiYzkzMDJkYzFkMWE0ZGM5YjdiNGZlMWY2NWVkM2MwNSIsInVzZXJfaWQiOjR9.qG5mnBsVhmCnpVDx1AAF5I55AvaKim5mJ1ATmQ45Xj8",
    "created_at": "2023-04-16T19:01:35.908Z",
    "expires_at": "2023-04-21T19:01:35Z"
  }
},
{
  "model": "token_blacklist.outstandingtoken",
  "pk": 3,
  "fields": {
    "user": [
      "lu"
    ],
    "jti": "c46a8c9b1c374d4e8d0a05f3dfa1b9a7",
    "token": "eyJhbGciOiJIUzI1NiIsInR5cCI6IkpXVCJ9.eyJ0b2tlbl90eXBlIjoicmVmcmVzaCIsImV4cCI6MTY4MjM3MDM1OSwiaWF0IjoxNjgxOTM4MzU5LCJqdGkiOiJjNDZhOGM5YjFjMzc0ZDRlOGQwYTA1ZjNkZmExYjlhNyIsInVzZXJfaWQiOjN9.q1whoPj8k5qaHwtDZ9jbCms0YzCGkPj0b3W2YqIyoig",
    "created_at": "2023-04-19T21:05:59.471Z",
    "expires_at": "2023-04-24T21:05:59Z"
  }
},
{
  "model": "token_blacklist.outstandingtoken",
  "pk": 4,
  "fields": {
    "user": [
      "helena"
    ],
    "jti": "4f770c24d1b143ad973a203497934460",
    "token": "eyJhbGciOiJIUzI1NiIsInR5cCI6IkpXVCJ9.eyJ0b2tlbl90eXBlIjoicmVmcmVzaCIsImV4cCI6MTY4MjQ0Nzc2MCwiaWF0IjoxNjgyMDE1NzYwLCJqdGkiOiI0Zjc3MGMyNGQxYjE0M2FkOTczYTIwMzQ5NzkzNDQ2MCIsInVzZXJfaWQiOjR9.hjQT4QUO-R31JH-eUQg9rm9dXfzzYY0j6n4inuz2Tg0",
    "created_at": "2023-04-20T18:36:00.489Z",
    "expires_at": "2023-04-25T18:36:00Z"
  }
},
{
  "model": "token_blacklist.outstandingtoken",
  "pk": 5,
  "fields": {
    "user": [
      "lu"
    ],
    "jti": "83ec99619d364331ba71f56e366b846f",
    "token": "eyJhbGciOiJIUzI1NiIsInR5cCI6IkpXVCJ9.eyJ0b2tlbl90eXBlIjoicmVmcmVzaCIsImV4cCI6MTY4MjQ1NzgwNywiaWF0IjoxNjgyMDI1ODA3LCJqdGkiOiI4M2VjOTk2MTlkMzY0MzMxYmE3MWY1NmUzNjZiODQ2ZiIsInVzZXJfaWQiOjN9.NQRAAM-VO5aIb-N50GapR6lCSNpsrbc4UPf03qRnvYE",
    "created_at": "2023-04-20T21:23:27.340Z",
    "expires_at": "2023-04-25T21:23:27Z"
  }
},
{
  "model": "token_blacklist.outstandingtoken",
  "pk": 6,
  "fields": {
    "user": [
      "lu"
    ],
    "jti": "dd60235affcc40a78a531f4df9ae3afb",
    "token": "eyJhbGciOiJIUzI1NiIsInR5cCI6IkpXVCJ9.eyJ0b2tlbl90eXBlIjoicmVmcmVzaCIsImV4cCI6MTY4MjQ2MTc3NiwiaWF0IjoxNjgyMDI5Nzc2LCJqdGkiOiJkZDYwMjM1YWZmY2M0MGE3OGE1MzFmNGRmOWFlM2FmYiIsInVzZXJfaWQiOjN9.FBspo3S6MXXrwIbHV0f7eWDLdJD-kfSiL_uk2RAj07E",
    "created_at": "2023-04-20T22:29:36.169Z",
    "expires_at": "2023-04-25T22:29:36Z"
  }
},
{
  "model": "token_blacklist.outstandingtoken",
  "pk": 7,
  "fields": {
    "user": [
      "helena"
    ],
    "jti": "fc43f4ea7ddc41669ddb7519a11ae777",
    "token": "eyJhbGciOiJIUzI1NiIsInR5cCI6IkpXVCJ9.eyJ0b2tlbl90eXBlIjoicmVmcmVzaCIsImV4cCI6MTY4MjQ2NTI3MiwiaWF0IjoxNjgyMDMzMjcyLCJqdGkiOiJmYzQzZjRlYTdkZGM0MTY2OWRkYjc1MTlhMTFhZTc3NyIsInVzZXJfaWQiOjR9.KIvGKn8eK_AFrcfBcJJB8NjeIJYFX6UnLUgm4Ob3VzU",
    "created_at": "2023-04-20T23:27:52.054Z",
    "expires_at": "2023-04-25T23:27:52Z"
  }
},
{
  "model": "token_blacklist.outstandingtoken",
  "pk": 8,
  "fields": {
    "user": [
      "bob"
    ],
    "jti": "49bd65a3fa9c4b80a6e7a89c8e1ccde0",
    "token": "eyJhbGciOiJIUzI1NiIsInR5cCI6IkpXVCJ9.eyJ0b2tlbl90eXBlIjoicmVmcmVzaCIsImV4cCI6MTY4MjQ3ODQ4OCwiaWF0IjoxNjgyMDQ2NDg4LCJqdGkiOiI0OWJkNjVhM2ZhOWM0YjgwYTZlN2E4OWM4ZTFjY2RlMCIsInVzZXJfaWQiOjJ9.LOUQlKN7Du4PsQ_bQzYO0gfGZXmP-S7bSU4vlrwDWKI",
    "created_at": "2023-04-21T03:08:08.367Z",
    "expires_at": "2023-04-26T03:08:08Z"
  }
},
{
  "model": "token_blacklist.outstandingtoken",
  "pk": 9,
  "fields": {
    "user": [
      "lu"
    ],
    "jti": "b66788ced9524db1a210880e795fd764",
    "token": "eyJhbGciOiJIUzI1NiIsInR5cCI6IkpXVCJ9.eyJ0b2tlbl90eXBlIjoicmVmcmVzaCIsImV4cCI6MTY4MjIzNjM3OCwiaWF0IjoxNjgxODA0Mzc4LCJqdGkiOiJiNjY3ODhjZWQ5NTI0ZGIxYTIxMDg4MGU3OTVmZDc2NCIsInVzZXJfaWQiOjN9.Bf8igdhwIOotaQOgyx-7w1fSjVj-LZcOO1AUBpuVk8I",
    "created_at": "2023-04-18T07:52:58.993Z",
    "expires_at": "2023-04-23T07:52:58Z"
  }
},
{
  "model": "token_blacklist.outstandingtoken",
  "pk": 10,
  "fields": {
    "user": [
      "lu"
    ],
    "jti": "dc3301741ecb4924975067e4bc860a74",
    "token": "eyJhbGciOiJIUzI1NiIsInR5cCI6IkpXVCJ9.eyJ0b2tlbl90eXBlIjoicmVmcmVzaCIsImV4cCI6MTY4MjIzNjQxNywiaWF0IjoxNjgxODA0NDE3LCJqdGkiOiJkYzMzMDE3NDFlY2I0OTI0OTc1MDY3ZTRiYzg2MGE3NCIsInVzZXJfaWQiOjN9.FbNY-AKGvHI9yXkGOkp9PJtGDyvFVKbeoLSpBTdcI6Q",
    "created_at": "2023-04-18T07:53:37.645Z",
    "expires_at": "2023-04-23T07:53:37Z"
  }
},
{
  "model": "token_blacklist.outstandingtoken",
  "pk": 11,
  "fields": {
    "user": [
      "lu"
    ],
    "jti": "24f9914c27c4452283d52c6038209e6d",
    "token": "eyJhbGciOiJIUzI1NiIsInR5cCI6IkpXVCJ9.eyJ0b2tlbl90eXBlIjoicmVmcmVzaCIsImV4cCI6MTY4MjIzNjU1NiwiaWF0IjoxNjgxODA0NTU2LCJqdGkiOiIyNGY5OTE0YzI3YzQ0NTIyODNkNTJjNjAzODIwOWU2ZCIsInVzZXJfaWQiOjN9.4VNznjA-HFdJfyNO_BfsGa_Azg6VKZj5IEDLRSB3AVE",
    "created_at": "2023-04-18T07:55:56.913Z",
    "expires_at": "2023-04-23T07:55:56Z"
  }
},
{
  "model": "token_blacklist.outstandingtoken",
  "pk": 12,
  "fields": {
    "user": [
      "lu"
    ],
    "jti": "e43236f70fb74416ac72330d1e8d1248",
    "token": "eyJhbGciOiJIUzI1NiIsInR5cCI6IkpXVCJ9.eyJ0b2tlbl90eXBlIjoicmVmcmVzaCIsImV4cCI6MTY4MjIzNjcxMSwiaWF0IjoxNjgxODA0NzExLCJqdGkiOiJlNDMyMzZmNzBmYjc0NDE2YWM3MjMzMGQxZThkMTI0OCIsInVzZXJfaWQiOjN9.agKflw8zV3JIln9epGHVfuPq2eGh46AiPLCpHQusfmg",
    "created_at": "2023-04-18T07:58:31.529Z",
    "expires_at": "2023-04-23T07:58:31Z"
  }
},
{
  "model": "token_blacklist.outstandingtoken",
  "pk": 13,
  "fields": {
    "user": [
      "lu"
    ],
    "jti": "142e14ad030747e2aaf9fa6970a6f7ce",
    "token": "eyJhbGciOiJIUzI1NiIsInR5cCI6IkpXVCJ9.eyJ0b2tlbl90eXBlIjoicmVmcmVzaCIsImV4cCI6MTY4MjIzNjgwOSwiaWF0IjoxNjgxODA0ODA5LCJqdGkiOiIxNDJlMTRhZDAzMDc0N2UyYWFmOWZhNjk3MGE2ZjdjZSIsInVzZXJfaWQiOjN9.mWG8VFDPsYgzqfIbkfqt2fkJueMJqckNFsP4BNgFcy0",
    "created_at": "2023-04-18T08:00:09.489Z",
    "expires_at": "2023-04-23T08:00:09Z"
  }
},
{
  "model": "token_blacklist.outstandingtoken",
  "pk": 14,
  "fields": {
    "user": [
      "lu"
    ],
    "jti": "b2b7fed68de94bb881f437b518d42279",
    "token": "eyJhbGciOiJIUzI1NiIsInR5cCI6IkpXVCJ9.eyJ0b2tlbl90eXBlIjoicmVmcmVzaCIsImV4cCI6MTY4MjIzNjg1MiwiaWF0IjoxNjgxODA0ODUyLCJqdGkiOiJiMmI3ZmVkNjhkZTk0YmI4ODFmNDM3YjUxOGQ0MjI3OSIsInVzZXJfaWQiOjN9.9-ntAy7k6i6Qp-A585DclQTfdnpBKvhbUn0nxn-ygu0",
    "created_at": "2023-04-18T08:00:52.144Z",
    "expires_at": "2023-04-23T08:00:52Z"
  }
},
{
  "model": "token_blacklist.outstandingtoken",
  "pk": 15,
  "fields": {
    "user": [
      "lu"
    ],
    "jti": "b73238a902b9490e8ae6c27bf101236e",
    "token": "eyJhbGciOiJIUzI1NiIsInR5cCI6IkpXVCJ9.eyJ0b2tlbl90eXBlIjoicmVmcmVzaCIsImV4cCI6MTY4MjIzNjkzOSwiaWF0IjoxNjgxODA0OTM5LCJqdGkiOiJiNzMyMzhhOTAyYjk0OTBlOGFlNmMyN2JmMTAxMjM2ZSIsInVzZXJfaWQiOjN9.Ivg-MurtF1M4ErCGZi3b5xX0aQDECEG2k_lcn3mmzdU",
    "created_at": "2023-04-18T08:02:19.540Z",
    "expires_at": "2023-04-23T08:02:19Z"
  }
},
{
  "model": "token_blacklist.outstandingtoken",
  "pk": 16,
  "fields": {
    "user": [
      "lu"
    ],
    "jti": "ab7ccb568f764039916d86dce3d4e899",
    "token": "eyJhbGciOiJIUzI1NiIsInR5cCI6IkpXVCJ9.eyJ0b2tlbl90eXBlIjoicmVmcmVzaCIsImV4cCI6MTY4MjIzNjk0MSwiaWF0IjoxNjgxODA0OTQxLCJqdGkiOiJhYjdjY2I1NjhmNzY0MDM5OTE2ZDg2ZGNlM2Q0ZTg5OSIsInVzZXJfaWQiOjN9._2XQPBqIFeEmIR-GmWu5wd5egz_b5gvUBav7YhqHyIM",
    "created_at": "2023-04-18T08:02:21.323Z",
    "expires_at": "2023-04-23T08:02:21Z"
  }
},
{
  "model": "token_blacklist.outstandingtoken",
  "pk": 17,
  "fields": {
    "user": [
      "lu"
    ],
    "jti": "32de5e7188c44564a767789b82431271",
    "token": "eyJhbGciOiJIUzI1NiIsInR5cCI6IkpXVCJ9.eyJ0b2tlbl90eXBlIjoicmVmcmVzaCIsImV4cCI6MTY4MjIzNjk2OSwiaWF0IjoxNjgxODA0OTY5LCJqdGkiOiIzMmRlNWU3MTg4YzQ0NTY0YTc2Nzc4OWI4MjQzMTI3MSIsInVzZXJfaWQiOjN9.hHKihWMOQw-ivWBnL-k1_sDJ9XfhMTN2DgbKufXLDfk",
    "created_at": "2023-04-18T08:02:49.477Z",
    "expires_at": "2023-04-23T08:02:49Z"
  }
},
{
  "model": "token_blacklist.outstandingtoken",
  "pk": 18,
  "fields": {
    "user": [
      "lu"
    ],
    "jti": "c0cd9538a09e4dc883e0a9a480257824",
    "token": "eyJhbGciOiJIUzI1NiIsInR5cCI6IkpXVCJ9.eyJ0b2tlbl90eXBlIjoicmVmcmVzaCIsImV4cCI6MTY4MjIzNzM5MiwiaWF0IjoxNjgxODA1MzkyLCJqdGkiOiJjMGNkOTUzOGEwOWU0ZGM4ODNlMGE5YTQ4MDI1NzgyNCIsInVzZXJfaWQiOjN9.tkBAUp0SpF9e81u_TAc8DlKlX9-k_gGszfNf21kTwRQ",
    "created_at": "2023-04-18T08:09:52.072Z",
    "expires_at": "2023-04-23T08:09:52Z"
  }
},
{
  "model": "token_blacklist.outstandingtoken",
  "pk": 19,
  "fields": {
    "user": [
      "lu"
    ],
    "jti": "335936082b4d4a7d8cff93f52c075850",
    "token": "eyJhbGciOiJIUzI1NiIsInR5cCI6IkpXVCJ9.eyJ0b2tlbl90eXBlIjoicmVmcmVzaCIsImV4cCI6MTY4MjIzNzY1NSwiaWF0IjoxNjgxODA1NjU1LCJqdGkiOiIzMzU5MzYwODJiNGQ0YTdkOGNmZjkzZjUyYzA3NTg1MCIsInVzZXJfaWQiOjN9.CVHsqu6-nUNEGljUfObiqNaQs09a9MmNYds7V2hNFww",
    "created_at": "2023-04-18T08:14:15.566Z",
    "expires_at": "2023-04-23T08:14:15Z"
  }
},
{
  "model": "token_blacklist.outstandingtoken",
  "pk": 20,
  "fields": {
    "user": [
      "lu"
    ],
    "jti": "e7e88a76ea6b42b79147c5516a1da833",
    "token": "eyJhbGciOiJIUzI1NiIsInR5cCI6IkpXVCJ9.eyJ0b2tlbl90eXBlIjoicmVmcmVzaCIsImV4cCI6MTY4MjIzNzg4MCwiaWF0IjoxNjgxODA1ODgwLCJqdGkiOiJlN2U4OGE3NmVhNmI0MmI3OTE0N2M1NTE2YTFkYTgzMyIsInVzZXJfaWQiOjN9.D0HvPPaPGdaOs6kvlYQ1F9BfCJ7d_0H6hU-VYL0ORko",
    "created_at": "2023-04-18T08:18:00.565Z",
    "expires_at": "2023-04-23T08:18:00Z"
  }
},
{
  "model": "token_blacklist.outstandingtoken",
  "pk": 21,
  "fields": {
    "user": [
      "lu"
    ],
    "jti": "529667da16544bb78d26d6a272f87765",
    "token": "eyJhbGciOiJIUzI1NiIsInR5cCI6IkpXVCJ9.eyJ0b2tlbl90eXBlIjoicmVmcmVzaCIsImV4cCI6MTY4MjIzODk0MSwiaWF0IjoxNjgxODA2OTQxLCJqdGkiOiI1Mjk2NjdkYTE2NTQ0YmI3OGQyNmQ2YTI3MmY4Nzc2NSIsInVzZXJfaWQiOjN9.bne9l9wIspUgGnefMRV2ZNzagdmQvJ3jRnyS1rqOHwA",
    "created_at": "2023-04-18T08:35:41.186Z",
    "expires_at": "2023-04-23T08:35:41Z"
  }
},
{
  "model": "token_blacklist.outstandingtoken",
  "pk": 22,
  "fields": {
    "user": [
      "lu"
    ],
    "jti": "1df10271ae284781904b4ab0503ad346",
    "token": "eyJhbGciOiJIUzI1NiIsInR5cCI6IkpXVCJ9.eyJ0b2tlbl90eXBlIjoicmVmcmVzaCIsImV4cCI6MTY4MjIzOTA3NywiaWF0IjoxNjgxODA3MDc3LCJqdGkiOiIxZGYxMDI3MWFlMjg0NzgxOTA0YjRhYjA1MDNhZDM0NiIsInVzZXJfaWQiOjN9.TL6TblBjDmxBanGJCnzi_oTkYqSuXR0tUGsRb1xX0Y4",
    "created_at": "2023-04-18T08:37:57.255Z",
    "expires_at": "2023-04-23T08:37:57Z"
  }
},
{
  "model": "token_blacklist.outstandingtoken",
  "pk": 23,
  "fields": {
    "user": [
      "lu"
    ],
    "jti": "cd93762cc1604844aa8c0f23c7041354",
    "token": "eyJhbGciOiJIUzI1NiIsInR5cCI6IkpXVCJ9.eyJ0b2tlbl90eXBlIjoicmVmcmVzaCIsImV4cCI6MTY4MjIzOTE2MCwiaWF0IjoxNjgxODA3MTYwLCJqdGkiOiJjZDkzNzYyY2MxNjA0ODQ0YWE4YzBmMjNjNzA0MTM1NCIsInVzZXJfaWQiOjN9.P4irdoyf4z4n5KrlV3LBUzoKrSnq2P3j6c2aC3rp284",
    "created_at": "2023-04-18T08:39:20.501Z",
    "expires_at": "2023-04-23T08:39:20Z"
  }
},
{
  "model": "token_blacklist.outstandingtoken",
  "pk": 24,
  "fields": {
    "user": [
      "lu"
    ],
    "jti": "38bcfe7165d24e9f9c07bac6e45cd905",
    "token": "eyJhbGciOiJIUzI1NiIsInR5cCI6IkpXVCJ9.eyJ0b2tlbl90eXBlIjoicmVmcmVzaCIsImV4cCI6MTY4MjIzOTI2MSwiaWF0IjoxNjgxODA3MjYxLCJqdGkiOiIzOGJjZmU3MTY1ZDI0ZTlmOWMwN2JhYzZlNDVjZDkwNSIsInVzZXJfaWQiOjN9.1gG9T-wX8TAEGG8ALsKAoLOsTPrv1ihyn4fkNbN_OLc",
    "created_at": "2023-04-18T08:41:01.140Z",
    "expires_at": "2023-04-23T08:41:01Z"
  }
},
{
  "model": "token_blacklist.outstandingtoken",
  "pk": 25,
  "fields": {
    "user": [
      "lu"
    ],
    "jti": "04b306db22d64010aff9526d5b60d222",
    "token": "eyJhbGciOiJIUzI1NiIsInR5cCI6IkpXVCJ9.eyJ0b2tlbl90eXBlIjoicmVmcmVzaCIsImV4cCI6MTY4MjIzOTU3NCwiaWF0IjoxNjgxODA3NTc0LCJqdGkiOiIwNGIzMDZkYjIyZDY0MDEwYWZmOTUyNmQ1YjYwZDIyMiIsInVzZXJfaWQiOjN9.54e7xZq7bSWiNhPVeQ4dg34n4vl3OFSjd1apkCf8H90",
    "created_at": "2023-04-18T08:46:14.135Z",
    "expires_at": "2023-04-23T08:46:14Z"
  }
},
{
  "model": "token_blacklist.outstandingtoken",
  "pk": 26,
  "fields": {
    "user": [
      "lu"
    ],
    "jti": "b7a4d59bdfa040abb6bd0fa7a3d2392a",
    "token": "eyJhbGciOiJIUzI1NiIsInR5cCI6IkpXVCJ9.eyJ0b2tlbl90eXBlIjoicmVmcmVzaCIsImV4cCI6MTY4MjIzOTU4NSwiaWF0IjoxNjgxODA3NTg1LCJqdGkiOiJiN2E0ZDU5YmRmYTA0MGFiYjZiZDBmYTdhM2QyMzkyYSIsInVzZXJfaWQiOjN9.XiKrYsTdCQIhdGE8ces1tBjjVWnR7MVGuTfcTxHPoBk",
    "created_at": "2023-04-18T08:46:25.269Z",
    "expires_at": "2023-04-23T08:46:25Z"
  }
},
{
  "model": "token_blacklist.outstandingtoken",
  "pk": 27,
  "fields": {
    "user": [
      "lu"
    ],
    "jti": "c4b0d16546fe42b2b3b77eb2d647bc7f",
    "token": "eyJhbGciOiJIUzI1NiIsInR5cCI6IkpXVCJ9.eyJ0b2tlbl90eXBlIjoicmVmcmVzaCIsImV4cCI6MTY4MjIzOTY0NCwiaWF0IjoxNjgxODA3NjQ0LCJqdGkiOiJjNGIwZDE2NTQ2ZmU0MmIyYjNiNzdlYjJkNjQ3YmM3ZiIsInVzZXJfaWQiOjN9.cBTkRfw8fUdQ-_M4OzsjrNuu7Mjs85SFSAAMbZHcSUo",
    "created_at": "2023-04-18T08:47:24.335Z",
    "expires_at": "2023-04-23T08:47:24Z"
  }
},
{
  "model": "token_blacklist.outstandingtoken",
  "pk": 28,
  "fields": {
    "user": [
      "lu"
    ],
    "jti": "0b9cec2412a644deb79dbc405b9b239f",
    "token": "eyJhbGciOiJIUzI1NiIsInR5cCI6IkpXVCJ9.eyJ0b2tlbl90eXBlIjoicmVmcmVzaCIsImV4cCI6MTY4MjIzOTc3MSwiaWF0IjoxNjgxODA3NzcxLCJqdGkiOiIwYjljZWMyNDEyYTY0NGRlYjc5ZGJjNDA1YjliMjM5ZiIsInVzZXJfaWQiOjN9.M7bU23eptTAGmXfQY8obKYUO5jl2qKaXih02ZJymdGg",
    "created_at": "2023-04-18T08:49:31.879Z",
    "expires_at": "2023-04-23T08:49:31Z"
  }
},
{
  "model": "token_blacklist.outstandingtoken",
  "pk": 29,
  "fields": {
    "user": [
      "lu"
    ],
    "jti": "4343833186b04513ba30dbd7e4c21a1a",
    "token": "eyJhbGciOiJIUzI1NiIsInR5cCI6IkpXVCJ9.eyJ0b2tlbl90eXBlIjoicmVmcmVzaCIsImV4cCI6MTY4MjIzOTgxMiwiaWF0IjoxNjgxODA3ODEyLCJqdGkiOiI0MzQzODMzMTg2YjA0NTEzYmEzMGRiZDdlNGMyMWExYSIsInVzZXJfaWQiOjN9.IqUaKzCD0KNIKSKf3OIfTdW_Y2q9YHHbL650yBpiYx8",
    "created_at": "2023-04-18T08:50:12.496Z",
    "expires_at": "2023-04-23T08:50:12Z"
  }
},
{
  "model": "token_blacklist.outstandingtoken",
  "pk": 30,
  "fields": {
    "user": [
      "lu"
    ],
    "jti": "aef19955308a43ec910962123ca6e80b",
    "token": "eyJhbGciOiJIUzI1NiIsInR5cCI6IkpXVCJ9.eyJ0b2tlbl90eXBlIjoicmVmcmVzaCIsImV4cCI6MTY4MjIzOTkyNCwiaWF0IjoxNjgxODA3OTI0LCJqdGkiOiJhZWYxOTk1NTMwOGE0M2VjOTEwOTYyMTIzY2E2ZTgwYiIsInVzZXJfaWQiOjN9.NWnOQQ5n2DX08I_PTNYLCcRJS67umuZAco8JLyr3eV4",
    "created_at": "2023-04-18T08:52:04.296Z",
    "expires_at": "2023-04-23T08:52:04Z"
  }
},
{
  "model": "token_blacklist.outstandingtoken",
  "pk": 31,
  "fields": {
    "user": [
      "lu"
    ],
    "jti": "98184e1050cb4e0f90b4f4f33f961ea4",
    "token": "eyJhbGciOiJIUzI1NiIsInR5cCI6IkpXVCJ9.eyJ0b2tlbl90eXBlIjoicmVmcmVzaCIsImV4cCI6MTY4MjI0MDcyNCwiaWF0IjoxNjgxODA4NzI0LCJqdGkiOiI5ODE4NGUxMDUwY2I0ZTBmOTBiNGY0ZjMzZjk2MWVhNCIsInVzZXJfaWQiOjN9.ZCRSsUtlydu4qs0ZHWJF0q49Doz2tDA3Fq9UH8KZVqQ",
    "created_at": "2023-04-18T09:05:24.497Z",
    "expires_at": "2023-04-23T09:05:24Z"
  }
},
{
  "model": "token_blacklist.outstandingtoken",
  "pk": 32,
  "fields": {
    "user": [
      "lu"
    ],
    "jti": "bece3a1ed26e4ec6be2cd847fbcef89b",
    "token": "eyJhbGciOiJIUzI1NiIsInR5cCI6IkpXVCJ9.eyJ0b2tlbl90eXBlIjoicmVmcmVzaCIsImV4cCI6MTY4MjI0MTQ2OSwiaWF0IjoxNjgxODA5NDY5LCJqdGkiOiJiZWNlM2ExZWQyNmU0ZWM2YmUyY2Q4NDdmYmNlZjg5YiIsInVzZXJfaWQiOjN9.DBxdjlO8u9GT14pqrN41lqZxfURE5peLr27h0lVTSYM",
    "created_at": "2023-04-18T09:17:49.033Z",
    "expires_at": "2023-04-23T09:17:49Z"
  }
},
{
  "model": "token_blacklist.outstandingtoken",
  "pk": 33,
  "fields": {
    "user": [
      "lu"
    ],
    "jti": "f744b962f756475eb22da06b60330833",
    "token": "eyJhbGciOiJIUzI1NiIsInR5cCI6IkpXVCJ9.eyJ0b2tlbl90eXBlIjoicmVmcmVzaCIsImV4cCI6MTY4MjI0MTcyMiwiaWF0IjoxNjgxODA5NzIyLCJqdGkiOiJmNzQ0Yjk2MmY3NTY0NzVlYjIyZGEwNmI2MDMzMDgzMyIsInVzZXJfaWQiOjN9.rKmhPZ8_XTd8_joklXpI3hUJxqEISXWbUuDT4v6mYmk",
    "created_at": "2023-04-18T09:22:02.382Z",
    "expires_at": "2023-04-23T09:22:02Z"
  }
},
{
  "model": "token_blacklist.outstandingtoken",
  "pk": 34,
  "fields": {
    "user": [
      "lu"
    ],
    "jti": "8e8325de11f145968931b18c3ee11a11",
    "token": "eyJhbGciOiJIUzI1NiIsInR5cCI6IkpXVCJ9.eyJ0b2tlbl90eXBlIjoicmVmcmVzaCIsImV4cCI6MTY4MjI0MTgwMywiaWF0IjoxNjgxODA5ODAzLCJqdGkiOiI4ZTgzMjVkZTExZjE0NTk2ODkzMWIxOGMzZWUxMWExMSIsInVzZXJfaWQiOjN9.1qNWHmg4RM3gY0qkaRhiD-zNUYZh16ODm7Js3aQoRw4",
    "created_at": "2023-04-18T09:23:23.438Z",
    "expires_at": "2023-04-23T09:23:23Z"
  }
},
{
  "model": "token_blacklist.outstandingtoken",
  "pk": 35,
  "fields": {
    "user": [
      "lu"
    ],
    "jti": "6cd0f8a6ff4f478bb8f3ce1f69c85942",
    "token": "eyJhbGciOiJIUzI1NiIsInR5cCI6IkpXVCJ9.eyJ0b2tlbl90eXBlIjoicmVmcmVzaCIsImV4cCI6MTY4MjI0MTk3NSwiaWF0IjoxNjgxODA5OTc1LCJqdGkiOiI2Y2QwZjhhNmZmNGY0NzhiYjhmM2NlMWY2OWM4NTk0MiIsInVzZXJfaWQiOjN9.jZ6LmUKJKnEKDfoXkoXN5-dvK6uoe5wvx7zdApEO-Y4",
    "created_at": "2023-04-18T09:26:15.222Z",
    "expires_at": "2023-04-23T09:26:15Z"
  }
},
{
  "model": "token_blacklist.outstandingtoken",
  "pk": 36,
  "fields": {
    "user": [
      "lu"
    ],
    "jti": "d03564e7807d4c94be4f6558bcd19d04",
    "token": "eyJhbGciOiJIUzI1NiIsInR5cCI6IkpXVCJ9.eyJ0b2tlbl90eXBlIjoicmVmcmVzaCIsImV4cCI6MTY4MjI0MjAzNCwiaWF0IjoxNjgxODEwMDM0LCJqdGkiOiJkMDM1NjRlNzgwN2Q0Yzk0YmU0ZjY1NThiY2QxOWQwNCIsInVzZXJfaWQiOjN9.PD3tnJzzpj2-sqYfzuciYjoFRZkpCgW7gkVj4c1AbRE",
    "created_at": "2023-04-18T09:27:14.096Z",
    "expires_at": "2023-04-23T09:27:14Z"
  }
},
{
  "model": "token_blacklist.outstandingtoken",
  "pk": 37,
  "fields": {
    "user": [
      "lu"
    ],
    "jti": "e93dcce2e05449108d6d8aab0d71e831",
    "token": "eyJhbGciOiJIUzI1NiIsInR5cCI6IkpXVCJ9.eyJ0b2tlbl90eXBlIjoicmVmcmVzaCIsImV4cCI6MTY4MjI0MjIwNywiaWF0IjoxNjgxODEwMjA3LCJqdGkiOiJlOTNkY2NlMmUwNTQ0OTEwOGQ2ZDhhYWIwZDcxZTgzMSIsInVzZXJfaWQiOjN9.QUUorH80Q4L0fiIimkQI-V3808QmuqV2KjaxuSgSwFo",
    "created_at": "2023-04-18T09:30:07.406Z",
    "expires_at": "2023-04-23T09:30:07Z"
  }
},
{
  "model": "token_blacklist.outstandingtoken",
  "pk": 38,
  "fields": {
    "user": [
      "lu"
    ],
    "jti": "a8b3c75afdb643c486f0e6ed0732d693",
    "token": "eyJhbGciOiJIUzI1NiIsInR5cCI6IkpXVCJ9.eyJ0b2tlbl90eXBlIjoicmVmcmVzaCIsImV4cCI6MTY4MjI0MjI4OSwiaWF0IjoxNjgxODEwMjg5LCJqdGkiOiJhOGIzYzc1YWZkYjY0M2M0ODZmMGU2ZWQwNzMyZDY5MyIsInVzZXJfaWQiOjN9.Icwijk1jceBl0Wjhguyn4z0ffMgzfgqDn5vw4fOHJCA",
    "created_at": "2023-04-18T09:31:29.972Z",
    "expires_at": "2023-04-23T09:31:29Z"
  }
},
{
  "model": "token_blacklist.outstandingtoken",
  "pk": 39,
  "fields": {
    "user": [
      "lu"
    ],
    "jti": "2a12932d7c2c4aa39f131089c304a554",
    "token": "eyJhbGciOiJIUzI1NiIsInR5cCI6IkpXVCJ9.eyJ0b2tlbl90eXBlIjoicmVmcmVzaCIsImV4cCI6MTY4MjI0MjM3NiwiaWF0IjoxNjgxODEwMzc2LCJqdGkiOiIyYTEyOTMyZDdjMmM0YWEzOWYxMzEwODljMzA0YTU1NCIsInVzZXJfaWQiOjN9.ppmoz3MWQuMc1uODfVnmynzbJYLd-rxjtRl52T_Ah2k",
    "created_at": "2023-04-18T09:32:56.038Z",
    "expires_at": "2023-04-23T09:32:56Z"
  }
},
{
  "model": "token_blacklist.outstandingtoken",
  "pk": 40,
  "fields": {
    "user": [
      "lu"
    ],
    "jti": "c21770787b0c41f882512878d1ca291e",
    "token": "eyJhbGciOiJIUzI1NiIsInR5cCI6IkpXVCJ9.eyJ0b2tlbl90eXBlIjoicmVmcmVzaCIsImV4cCI6MTY4MjMxNDU5OSwiaWF0IjoxNjgxODgyNTk5LCJqdGkiOiJjMjE3NzA3ODdiMGM0MWY4ODI1MTI4NzhkMWNhMjkxZSIsInVzZXJfaWQiOjN9.dMitGn0yLX2bpS5a9sDkZQYw-RajnVFUQQoPHv6kHSI",
    "created_at": "2023-04-19T05:36:39.994Z",
    "expires_at": "2023-04-24T05:36:39Z"
  }
},
{
  "model": "token_blacklist.outstandingtoken",
  "pk": 41,
  "fields": {
    "user": [
      "lu"
    ],
    "jti": "cd3f3f55b5c9449b9731f3e2275db5d3",
    "token": "eyJhbGciOiJIUzI1NiIsInR5cCI6IkpXVCJ9.eyJ0b2tlbl90eXBlIjoicmVmcmVzaCIsImV4cCI6MTY4MjMxNDY4NSwiaWF0IjoxNjgxODgyNjg1LCJqdGkiOiJjZDNmM2Y1NWI1Yzk0NDliOTczMWYzZTIyNzVkYjVkMyIsInVzZXJfaWQiOjN9.HaoNHrmQSRFGKaF_EFcwevZ6TwWEt1pbqcynICXW2EQ",
    "created_at": "2023-04-19T05:38:05.593Z",
    "expires_at": "2023-04-24T05:38:05Z"
  }
},
{
  "model": "token_blacklist.outstandingtoken",
  "pk": 42,
  "fields": {
    "user": [
      "lu"
    ],
    "jti": "5a33b9db73e34ec1ba404c6941c50ff5",
    "token": "eyJhbGciOiJIUzI1NiIsInR5cCI6IkpXVCJ9.eyJ0b2tlbl90eXBlIjoicmVmcmVzaCIsImV4cCI6MTY4MjMxNzI3OCwiaWF0IjoxNjgxODg1Mjc4LCJqdGkiOiI1YTMzYjlkYjczZTM0ZWMxYmE0MDRjNjk0MWM1MGZmNSIsInVzZXJfaWQiOjN9.7Sls1ps0GiOn48WyvnnNyMEo8nj460uKee7-1quqh8Q",
    "created_at": "2023-04-19T06:21:18.492Z",
    "expires_at": "2023-04-24T06:21:18Z"
  }
},
{
  "model": "token_blacklist.outstandingtoken",
  "pk": 43,
  "fields": {
    "user": [
      "lu"
    ],
    "jti": "c376bfede3ad4a9ab07ce707afd989bd",
    "token": "eyJhbGciOiJIUzI1NiIsInR5cCI6IkpXVCJ9.eyJ0b2tlbl90eXBlIjoicmVmcmVzaCIsImV4cCI6MTY4MjM4ODkxOCwiaWF0IjoxNjgxOTU2OTE4LCJqdGkiOiJjMzc2YmZlZGUzYWQ0YTlhYjA3Y2U3MDdhZmQ5ODliZCIsInVzZXJfaWQiOjN9.tM_2r3Cf2kNWv8Ow7RCQF2iQmIsQJhn-f6BVJxEBPdM",
    "created_at": "2023-04-20T02:15:18.195Z",
    "expires_at": "2023-04-25T02:15:18Z"
  }
},
{
  "model": "token_blacklist.outstandingtoken",
  "pk": 44,
  "fields": {
    "user": [
      "tedd"
    ],
    "jti": "45736898d95b432d9d8408f54a873621",
    "token": "eyJhbGciOiJIUzI1NiIsInR5cCI6IkpXVCJ9.eyJ0b2tlbl90eXBlIjoicmVmcmVzaCIsImV4cCI6MTY4MjM5OTgyNSwiaWF0IjoxNjgxOTY3ODI1LCJqdGkiOiI0NTczNjg5OGQ5NWI0MzJkOWQ4NDA4ZjU0YTg3MzYyMSIsInVzZXJfaWQiOjV9.-GBERLL__YnSu7h1Me9BZLPwhbnsktP6zjtWapcDMkI",
    "created_at": "2023-04-20T05:17:05.682Z",
    "expires_at": "2023-04-25T05:17:05Z"
  }
},
{
  "model": "token_blacklist.outstandingtoken",
  "pk": 45,
  "fields": {
    "user": [
      "lu"
    ],
    "jti": "de1dd3b063684205ae355c61ca118f6c",
    "token": "eyJhbGciOiJIUzI1NiIsInR5cCI6IkpXVCJ9.eyJ0b2tlbl90eXBlIjoicmVmcmVzaCIsImV4cCI6MTY4MjM5OTk4NSwiaWF0IjoxNjgxOTY3OTg1LCJqdGkiOiJkZTFkZDNiMDYzNjg0MjA1YWUzNTVjNjFjYTExOGY2YyIsInVzZXJfaWQiOjN9.sHBlLEzjvh4u4UNH2qpDF0xAPRBvbohz6yGvHp831-A",
    "created_at": "2023-04-20T05:19:45.729Z",
    "expires_at": "2023-04-25T05:19:45Z"
  }
},
{
  "model": "token_blacklist.outstandingtoken",
  "pk": 46,
  "fields": {
    "user": [
      "lu"
    ],
    "jti": "5421b24710b44bed97fa7e8c1c954c18",
    "token": "eyJhbGciOiJIUzI1NiIsInR5cCI6IkpXVCJ9.eyJ0b2tlbl90eXBlIjoicmVmcmVzaCIsImV4cCI6MTY4MjQwMDAyNywiaWF0IjoxNjgxOTY4MDI3LCJqdGkiOiI1NDIxYjI0NzEwYjQ0YmVkOTdmYTdlOGMxYzk1NGMxOCIsInVzZXJfaWQiOjN9.lqJqrB_DyScZVzVzsYjyubObefKO6fxldto4kFNlFg4",
    "created_at": "2023-04-20T05:20:27.160Z",
    "expires_at": "2023-04-25T05:20:27Z"
  }
},
{
  "model": "token_blacklist.outstandingtoken",
  "pk": 47,
  "fields": {
    "user": [
      "lu"
    ],
    "jti": "cf93484dd2b24ccab112ee9c60f9e600",
    "token": "eyJhbGciOiJIUzI1NiIsInR5cCI6IkpXVCJ9.eyJ0b2tlbl90eXBlIjoicmVmcmVzaCIsImV4cCI6MTY4MjQ4MjA4OCwiaWF0IjoxNjgyMDUwMDg4LCJqdGkiOiJjZjkzNDg0ZGQyYjI0Y2NhYjExMmVlOWM2MGY5ZTYwMCIsInVzZXJfaWQiOjN9.46IW6rs60-X4U94rxt0tdhKkJJlh8BFvQ7AsS1AtEVk",
    "created_at": "2023-04-21T04:08:08.135Z",
    "expires_at": "2023-04-26T04:08:08Z"
  }
},
{
  "model": "token_blacklist.outstandingtoken",
  "pk": 48,
  "fields": {
    "user": [
      "lu"
    ],
    "jti": "9d68d350b721497ba4c06eee412cd9e9",
    "token": "eyJhbGciOiJIUzI1NiIsInR5cCI6IkpXVCJ9.eyJ0b2tlbl90eXBlIjoicmVmcmVzaCIsImV4cCI6MTY4MjQ4MjY2NCwiaWF0IjoxNjgyMDUwNjY0LCJqdGkiOiI5ZDY4ZDM1MGI3MjE0OTdiYTRjMDZlZWU0MTJjZDllOSIsInVzZXJfaWQiOjN9.8h17_2G0ttKaXz2zb2Hu0_WxAY0d18Wc0MKFh_OfHVY",
    "created_at": "2023-04-21T04:17:44.640Z",
    "expires_at": "2023-04-26T04:17:44Z"
  }
},
{
  "model": "token_blacklist.outstandingtoken",
  "pk": 49,
  "fields": {
    "user": [
      "bob"
    ],
    "jti": "2a86d976f3fb478faf49eddaf3939f6b",
    "token": "eyJhbGciOiJIUzI1NiIsInR5cCI6IkpXVCJ9.eyJ0b2tlbl90eXBlIjoicmVmcmVzaCIsImV4cCI6MTY4MjQ4MzY1NywiaWF0IjoxNjgyMDUxNjU3LCJqdGkiOiIyYTg2ZDk3NmYzZmI0NzhmYWY0OWVkZGFmMzkzOWY2YiIsInVzZXJfaWQiOjJ9.aSaPdJ35gPqnYZtZdT7UvNsk0XS2W1RmLpAk0KPukCE",
    "created_at": "2023-04-21T04:34:17.217Z",
    "expires_at": "2023-04-26T04:34:17Z"
  }
},
{
  "model": "token_blacklist.outstandingtoken",
  "pk": 50,
  "fields": {
    "user": [
      "bob"
    ],
    "jti": "0eab108a4846439aad8b458a411eba05",
    "token": "eyJhbGciOiJIUzI1NiIsInR5cCI6IkpXVCJ9.eyJ0b2tlbl90eXBlIjoicmVmcmVzaCIsImV4cCI6MTY4MjQ4Mzc1OSwiaWF0IjoxNjgyMDUxNzU5LCJqdGkiOiIwZWFiMTA4YTQ4NDY0MzlhYWQ4YjQ1OGE0MTFlYmEwNSIsInVzZXJfaWQiOjJ9.XvwyV2ijp1tLctcOsT7ZWCX6nRMN9JbyH7bTApbWFNk",
    "created_at": "2023-04-21T04:35:59.760Z",
    "expires_at": "2023-04-26T04:35:59Z"
  }
},
{
  "model": "token_blacklist.outstandingtoken",
  "pk": 51,
  "fields": {
    "user": [
      "bob"
    ],
    "jti": "a47e8fc31699405c878eb7eb970eddb8",
    "token": "eyJhbGciOiJIUzI1NiIsInR5cCI6IkpXVCJ9.eyJ0b2tlbl90eXBlIjoicmVmcmVzaCIsImV4cCI6MTY4MjQ4Mzg3MywiaWF0IjoxNjgyMDUxODczLCJqdGkiOiJhNDdlOGZjMzE2OTk0MDVjODc4ZWI3ZWI5NzBlZGRiOCIsInVzZXJfaWQiOjJ9.42cxHVx3AmA-AFnr7wmB1uNERKxeWW-R8DhXd40rPO4",
    "created_at": "2023-04-21T04:37:53.741Z",
    "expires_at": "2023-04-26T04:37:53Z"
  }
},
{
  "model": "token_blacklist.outstandingtoken",
  "pk": 52,
  "fields": {
    "user": [
      "bob"
    ],
    "jti": "eef812f594b7425abc281d9022df9cf4",
    "token": "eyJhbGciOiJIUzI1NiIsInR5cCI6IkpXVCJ9.eyJ0b2tlbl90eXBlIjoicmVmcmVzaCIsImV4cCI6MTY4MjQ4Mzg3NiwiaWF0IjoxNjgyMDUxODc2LCJqdGkiOiJlZWY4MTJmNTk0Yjc0MjVhYmMyODFkOTAyMmRmOWNmNCIsInVzZXJfaWQiOjJ9.PEeq3A54d5BtfI729GnBQa0G8opLrzZ2AwhW6FuvLDY",
    "created_at": "2023-04-21T04:37:56.121Z",
    "expires_at": "2023-04-26T04:37:56Z"
  }
},
{
  "model": "token_blacklist.outstandingtoken",
  "pk": 53,
  "fields": {
    "user": [
      "bob"
    ],
    "jti": "99dae4d09d3e4b6ea58dce46d159ade0",
    "token": "eyJhbGciOiJIUzI1NiIsInR5cCI6IkpXVCJ9.eyJ0b2tlbl90eXBlIjoicmVmcmVzaCIsImV4cCI6MTY4MjQ4Mzg5MCwiaWF0IjoxNjgyMDUxODkwLCJqdGkiOiI5OWRhZTRkMDlkM2U0YjZlYTU4ZGNlNDZkMTU5YWRlMCIsInVzZXJfaWQiOjJ9.iAGwiP3G3SsTdUbHMDxpKSXx4Wc6y4z1pOeFoRCcNl0",
    "created_at": "2023-04-21T04:38:10.665Z",
    "expires_at": "2023-04-26T04:38:10Z"
  }
},
{
  "model": "token_blacklist.outstandingtoken",
  "pk": 54,
  "fields": {
    "user": [
      "bob"
    ],
    "jti": "c4dc5628d47546bba4a96cf8520c2dbc",
    "token": "eyJhbGciOiJIUzI1NiIsInR5cCI6IkpXVCJ9.eyJ0b2tlbl90eXBlIjoicmVmcmVzaCIsImV4cCI6MTY4MjQ4NDE3MSwiaWF0IjoxNjgyMDUyMTcxLCJqdGkiOiJjNGRjNTYyOGQ0NzU0NmJiYTRhOTZjZjg1MjBjMmRiYyIsInVzZXJfaWQiOjJ9.wtovzEPKMNe2NKWQtjMMrUYWv9Li8Cu8nSmJZQwa9ys",
    "created_at": "2023-04-21T04:42:51.284Z",
    "expires_at": "2023-04-26T04:42:51Z"
  }
},
{
  "model": "token_blacklist.outstandingtoken",
  "pk": 55,
  "fields": {
    "user": [
      "bob"
    ],
    "jti": "37d2d28cc1e04fd8b5cef0ea5d9e0f00",
    "token": "eyJhbGciOiJIUzI1NiIsInR5cCI6IkpXVCJ9.eyJ0b2tlbl90eXBlIjoicmVmcmVzaCIsImV4cCI6MTY4MjQ4NDE4MywiaWF0IjoxNjgyMDUyMTgzLCJqdGkiOiIzN2QyZDI4Y2MxZTA0ZmQ4YjVjZWYwZWE1ZDllMGYwMCIsInVzZXJfaWQiOjJ9.Cda9NEF-Dajmxz4g_Xsl2vbvOhXzhRRDvwEjTKhEaI0",
    "created_at": "2023-04-21T04:43:03.925Z",
    "expires_at": "2023-04-26T04:43:03Z"
  }
},
{
  "model": "token_blacklist.outstandingtoken",
  "pk": 56,
  "fields": {
    "user": [
      "bob"
    ],
    "jti": "2b6915bda8564332932cb75bf5453884",
    "token": "eyJhbGciOiJIUzI1NiIsInR5cCI6IkpXVCJ9.eyJ0b2tlbl90eXBlIjoicmVmcmVzaCIsImV4cCI6MTY4MjQ4NDE5OCwiaWF0IjoxNjgyMDUyMTk4LCJqdGkiOiIyYjY5MTViZGE4NTY0MzMyOTMyY2I3NWJmNTQ1Mzg4NCIsInVzZXJfaWQiOjJ9.jvf-W3AYyOUpu7BGGQ9rLDR6_dV3KCPZFnuQrPLRsRg",
    "created_at": "2023-04-21T04:43:18.182Z",
    "expires_at": "2023-04-26T04:43:18Z"
  }
},
{
  "model": "token_blacklist.outstandingtoken",
  "pk": 57,
  "fields": {
    "user": [
      "bob"
    ],
    "jti": "39792d7de1a94a789c8c3dee489bfae3",
    "token": "eyJhbGciOiJIUzI1NiIsInR5cCI6IkpXVCJ9.eyJ0b2tlbl90eXBlIjoicmVmcmVzaCIsImV4cCI6MTY4MjQ4NDI5MCwiaWF0IjoxNjgyMDUyMjkwLCJqdGkiOiIzOTc5MmQ3ZGUxYTk0YTc4OWM4YzNkZWU0ODliZmFlMyIsInVzZXJfaWQiOjJ9.JBtwCcwLlCbo9AEaKZpUQfWgfPlq1kAQBwW-bvZAcek",
    "created_at": "2023-04-21T04:44:50.421Z",
    "expires_at": "2023-04-26T04:44:50Z"
  }
},
{
  "model": "token_blacklist.outstandingtoken",
  "pk": 58,
  "fields": {
    "user": [
      "bob"
    ],
    "jti": "027932d2d3004e938a11f06e19f6f90b",
    "token": "eyJhbGciOiJIUzI1NiIsInR5cCI6IkpXVCJ9.eyJ0b2tlbl90eXBlIjoicmVmcmVzaCIsImV4cCI6MTY4MjQ4NTg2MSwiaWF0IjoxNjgyMDUzODYxLCJqdGkiOiIwMjc5MzJkMmQzMDA0ZTkzOGExMWYwNmUxOWY2ZjkwYiIsInVzZXJfaWQiOjJ9.CXncMiyFlCnjzxDDywbpzVBfToO7W6gKX6PuxYB2gXI",
    "created_at": "2023-04-21T05:11:01.481Z",
    "expires_at": "2023-04-26T05:11:01Z"
  }
},
{
  "model": "token_blacklist.outstandingtoken",
  "pk": 59,
  "fields": {
    "user": [
      "lu"
    ],
    "jti": "e91ffc0ca6ed463199d4da664df6ec58",
    "token": "eyJhbGciOiJIUzI1NiIsInR5cCI6IkpXVCJ9.eyJ0b2tlbl90eXBlIjoicmVmcmVzaCIsImV4cCI6MTY4MjQ4Nzk4MywiaWF0IjoxNjgyMDU1OTgzLCJqdGkiOiJlOTFmZmMwY2E2ZWQ0NjMxOTlkNGRhNjY0ZGY2ZWM1OCIsInVzZXJfaWQiOjN9.SroQIfjeOuP30zzOV4oKMYj8AW2RCLB4lSZH45zYT9U",
    "created_at": "2023-04-21T05:46:23.108Z",
    "expires_at": "2023-04-26T05:46:23Z"
  }
},
{
  "model": "token_blacklist.outstandingtoken",
  "pk": 60,
  "fields": {
    "user": [
      "bob"
    ],
    "jti": "d6002ef537544fe597ceda9962791958",
    "token": "eyJhbGciOiJIUzI1NiIsInR5cCI6IkpXVCJ9.eyJ0b2tlbl90eXBlIjoicmVmcmVzaCIsImV4cCI6MTY4MjQ4OTI2MSwiaWF0IjoxNjgyMDU3MjYxLCJqdGkiOiJkNjAwMmVmNTM3NTQ0ZmU1OTdjZWRhOTk2Mjc5MTk1OCIsInVzZXJfaWQiOjJ9.w5DN23bZGK-0nUx8pU_s041Xt_ULiJ2YfOBnSwcni5s",
    "created_at": "2023-04-21T06:07:41.879Z",
    "expires_at": "2023-04-26T06:07:41Z"
  }
},
{
  "model": "token_blacklist.outstandingtoken",
  "pk": 61,
  "fields": {
    "user": [
      "bob"
    ],
    "jti": "5a04621a8a154b23bcb84161d4166247",
    "token": "eyJhbGciOiJIUzI1NiIsInR5cCI6IkpXVCJ9.eyJ0b2tlbl90eXBlIjoicmVmcmVzaCIsImV4cCI6MTY4MjQ4OTI5NSwiaWF0IjoxNjgyMDU3Mjk1LCJqdGkiOiI1YTA0NjIxYThhMTU0YjIzYmNiODQxNjFkNDE2NjI0NyIsInVzZXJfaWQiOjJ9.WY3dU1tgm7mkhiuQ-kX7DGEgVU5CaN-DKulc4K682CI",
    "created_at": "2023-04-21T06:08:15.351Z",
    "expires_at": "2023-04-26T06:08:15Z"
  }
},
{
  "model": "token_blacklist.outstandingtoken",
  "pk": 62,
  "fields": {
    "user": [
      "bob"
    ],
    "jti": "6effcf98b3db4c4ea7aa3dc11253a168",
    "token": "eyJhbGciOiJIUzI1NiIsInR5cCI6IkpXVCJ9.eyJ0b2tlbl90eXBlIjoicmVmcmVzaCIsImV4cCI6MTY4MjQ4OTM3NSwiaWF0IjoxNjgyMDU3Mzc1LCJqdGkiOiI2ZWZmY2Y5OGIzZGI0YzRlYTdhYTNkYzExMjUzYTE2OCIsInVzZXJfaWQiOjJ9.odMvR-_DsbSrM05R6PR0ORUcrbwdL-doVZ4yoSOxAuo",
    "created_at": "2023-04-21T06:09:35.622Z",
    "expires_at": "2023-04-26T06:09:35Z"
  }
},
{
  "model": "token_blacklist.outstandingtoken",
  "pk": 63,
  "fields": {
    "user": [
      "lu"
    ],
    "jti": "5510313970874398a33353611450c877",
    "token": "eyJhbGciOiJIUzI1NiIsInR5cCI6IkpXVCJ9.eyJ0b2tlbl90eXBlIjoicmVmcmVzaCIsImV4cCI6MTY4MjQ4OTQxMiwiaWF0IjoxNjgyMDU3NDEyLCJqdGkiOiI1NTEwMzEzOTcwODc0Mzk4YTMzMzUzNjExNDUwYzg3NyIsInVzZXJfaWQiOjN9.qjOqnDsoAly94RcMSiIWiQ3CHyBBbNZLwFbkz3ZNsv8",
    "created_at": "2023-04-21T06:10:12.026Z",
    "expires_at": "2023-04-26T06:10:12Z"
  }
},
{
  "model": "token_blacklist.outstandingtoken",
  "pk": 64,
  "fields": {
    "user": [
      "lu"
    ],
    "jti": "9b33033968f740ccb3b399fbf787b624",
    "token": "eyJhbGciOiJIUzI1NiIsInR5cCI6IkpXVCJ9.eyJ0b2tlbl90eXBlIjoicmVmcmVzaCIsImV4cCI6MTY4MjQ5MTYwNCwiaWF0IjoxNjgyMDU5NjA0LCJqdGkiOiI5YjMzMDMzOTY4Zjc0MGNjYjNiMzk5ZmJmNzg3YjYyNCIsInVzZXJfaWQiOjN9.PqmeqpOTfmmywo-VtRk-SevrEbsLrynqsg4hBLkMA04",
    "created_at": "2023-04-21T06:46:44.059Z",
    "expires_at": "2023-04-26T06:46:44Z"
  }
},
{
  "model": "token_blacklist.outstandingtoken",
  "pk": 65,
  "fields": {
    "user": [
      "bob"
    ],
    "jti": "0fafe59dc4c5445f8085022dce383324",
    "token": "eyJhbGciOiJIUzI1NiIsInR5cCI6IkpXVCJ9.eyJ0b2tlbl90eXBlIjoicmVmcmVzaCIsImV4cCI6MTY4MjQ5NDg1OCwiaWF0IjoxNjgyMDYyODU4LCJqdGkiOiIwZmFmZTU5ZGM0YzU0NDVmODA4NTAyMmRjZTM4MzMyNCIsInVzZXJfaWQiOjJ9.tYYwgE89CWf4sflgw30JSCBnRsJQvTN32LkXXfLC69w",
    "created_at": "2023-04-21T07:40:58.166Z",
    "expires_at": "2023-04-26T07:40:58Z"
  }
},
{
  "model": "token_blacklist.outstandingtoken",
  "pk": 66,
  "fields": {
    "user": [
      "lu"
    ],
    "jti": "e0f5ef94b35d435aa6a2aa593a57bc98",
    "token": "eyJhbGciOiJIUzI1NiIsInR5cCI6IkpXVCJ9.eyJ0b2tlbl90eXBlIjoicmVmcmVzaCIsImV4cCI6MTY4MjQ5Nzk3NSwiaWF0IjoxNjgyMDY1OTc1LCJqdGkiOiJlMGY1ZWY5NGIzNWQ0MzVhYTZhMmFhNTkzYTU3YmM5OCIsInVzZXJfaWQiOjN9.30ZC5PN_7gACfu3c_JlqzBbQKmAhiqPKUvXwI5BmWWI",
    "created_at": "2023-04-21T08:32:55.104Z",
    "expires_at": "2023-04-26T08:32:55Z"
  }
},
{
  "model": "token_blacklist.outstandingtoken",
  "pk": 67,
  "fields": {
    "user": [
      "lu"
    ],
    "jti": "2896e4b8506e4fcc8e0ea730a8d84a4c",
    "token": "eyJhbGciOiJIUzI1NiIsInR5cCI6IkpXVCJ9.eyJ0b2tlbl90eXBlIjoicmVmcmVzaCIsImV4cCI6MTY4MjQ5OTkxNSwiaWF0IjoxNjgyMDY3OTE1LCJqdGkiOiIyODk2ZTRiODUwNmU0ZmNjOGUwZWE3MzBhOGQ4NGE0YyIsInVzZXJfaWQiOjN9.mOkQzYtViYMjZn8eOCIKAYETghgMikaXBGmga5DqxyE",
    "created_at": "2023-04-21T09:05:15.077Z",
    "expires_at": "2023-04-26T09:05:15Z"
  }
},
{
  "model": "token_blacklist.outstandingtoken",
  "pk": 68,
  "fields": {
    "user": [
      "lu"
    ],
    "jti": "5a498a71e6c9423e92abc94f92009c59",
    "token": "eyJhbGciOiJIUzI1NiIsInR5cCI6IkpXVCJ9.eyJ0b2tlbl90eXBlIjoicmVmcmVzaCIsImV4cCI6MTY4MjUwMDI0OCwiaWF0IjoxNjgyMDY4MjQ4LCJqdGkiOiI1YTQ5OGE3MWU2Yzk0MjNlOTJhYmM5NGY5MjAwOWM1OSIsInVzZXJfaWQiOjN9.jdp844JSwYZeXRmVOrW0nnLI6OnXBa4BMWTXz5rr-_g",
    "created_at": "2023-04-21T09:10:48.689Z",
    "expires_at": "2023-04-26T09:10:48Z"
  }
},
{
  "model": "token_blacklist.outstandingtoken",
  "pk": 69,
  "fields": {
    "user": [
      "lu"
    ],
    "jti": "b0c15d1a10a74d2f8beb1792bc8114d2",
    "token": "eyJhbGciOiJIUzI1NiIsInR5cCI6IkpXVCJ9.eyJ0b2tlbl90eXBlIjoicmVmcmVzaCIsImV4cCI6MTY4MjUwMDQxOSwiaWF0IjoxNjgyMDY4NDE5LCJqdGkiOiJiMGMxNWQxYTEwYTc0ZDJmOGJlYjE3OTJiYzgxMTRkMiIsInVzZXJfaWQiOjN9.uO2B6cgkhHxU9uGP_-Tj5gvKj1tfLVFm20qiFd9GlEQ",
    "created_at": "2023-04-21T09:13:39.021Z",
    "expires_at": "2023-04-26T09:13:39Z"
  }
},
{
  "model": "token_blacklist.outstandingtoken",
  "pk": 70,
  "fields": {
    "user": [
      "lu"
    ],
    "jti": "a832f842a8314b04a60436b3396139a9",
    "token": "eyJhbGciOiJIUzI1NiIsInR5cCI6IkpXVCJ9.eyJ0b2tlbl90eXBlIjoicmVmcmVzaCIsImV4cCI6MTY4MjUyMTk3OCwiaWF0IjoxNjgyMDg5OTc4LCJqdGkiOiJhODMyZjg0MmE4MzE0YjA0YTYwNDM2YjMzOTYxMzlhOSIsInVzZXJfaWQiOjN9.1NuIJ3sFfdkCqBVgVOWgC5yiD1gWO9xav3xdpBykmmg",
    "created_at": "2023-04-21T15:12:58.464Z",
    "expires_at": "2023-04-26T15:12:58Z"
  }
},
{
  "model": "token_blacklist.outstandingtoken",
  "pk": 71,
  "fields": {
    "user": [
      "authur"
    ],
    "jti": "1b64a5327e3c4159bde563e9321578b2",
    "token": "eyJhbGciOiJIUzI1NiIsInR5cCI6IkpXVCJ9.eyJ0b2tlbl90eXBlIjoicmVmcmVzaCIsImV4cCI6MTY4MjUyMjQ0MywiaWF0IjoxNjgyMDkwNDQzLCJqdGkiOiIxYjY0YTUzMjdlM2M0MTU5YmRlNTYzZTkzMjE1NzhiMiIsInVzZXJfaWQiOjZ9.LuHSciUycc2aT3gjf0DEyklCf0vL9KICvZzmMPYHGbc",
    "created_at": "2023-04-21T15:20:43.455Z",
    "expires_at": "2023-04-26T15:20:43Z"
  }
},
{
  "model": "token_blacklist.outstandingtoken",
  "pk": 72,
  "fields": {
    "user": [
      "lu"
    ],
    "jti": "6cee3b3911d3433a81d59c877a27725b",
    "token": "eyJhbGciOiJIUzI1NiIsInR5cCI6IkpXVCJ9.eyJ0b2tlbl90eXBlIjoicmVmcmVzaCIsImV4cCI6MTY4MjUyMjc2NywiaWF0IjoxNjgyMDkwNzY3LCJqdGkiOiI2Y2VlM2IzOTExZDM0MzNhODFkNTljODc3YTI3NzI1YiIsInVzZXJfaWQiOjN9.xRWW3fdGvwnl87HQBiX3IlDG6Ies-e3bOsVqQj_kpcs",
    "created_at": "2023-04-21T15:26:07.181Z",
    "expires_at": "2023-04-26T15:26:07Z"
  }
},
{
  "model": "token_blacklist.outstandingtoken",
  "pk": 73,
  "fields": {
    "user": [
      "authur"
    ],
    "jti": "5c205b8459fb4c6ca28fa7819be215ec",
    "token": "eyJhbGciOiJIUzI1NiIsInR5cCI6IkpXVCJ9.eyJ0b2tlbl90eXBlIjoicmVmcmVzaCIsImV4cCI6MTY4MjUyMjg0MiwiaWF0IjoxNjgyMDkwODQyLCJqdGkiOiI1YzIwNWI4NDU5ZmI0YzZjYTI4ZmE3ODE5YmUyMTVlYyIsInVzZXJfaWQiOjZ9.CQ59T87ffKiV8G3ManXOaiKx4kqatwkdR3QNn7ztHlw",
    "created_at": "2023-04-21T15:27:22.685Z",
    "expires_at": "2023-04-26T15:27:22Z"
  }
},
{
  "model": "token_blacklist.outstandingtoken",
  "pk": 74,
  "fields": {
    "user": [
      "lu"
    ],
    "jti": "060c5e34f6704721ae53904a7ae0a469",
    "token": "eyJhbGciOiJIUzI1NiIsInR5cCI6IkpXVCJ9.eyJ0b2tlbl90eXBlIjoicmVmcmVzaCIsImV4cCI6MTY4MjUyMjkwNSwiaWF0IjoxNjgyMDkwOTA1LCJqdGkiOiIwNjBjNWUzNGY2NzA0NzIxYWU1MzkwNGE3YWUwYTQ2OSIsInVzZXJfaWQiOjN9.qre4PJyxBUsMsvhIcDdjXPo1pNiwMu_1OGjg0xuOsEU",
    "created_at": "2023-04-21T15:28:25.271Z",
    "expires_at": "2023-04-26T15:28:25Z"
  }
},
{
  "model": "token_blacklist.outstandingtoken",
  "pk": 75,
  "fields": {
    "user": [
      "authur"
    ],
    "jti": "32d379e8e99e431d9f4b5b8ac2443935",
    "token": "eyJhbGciOiJIUzI1NiIsInR5cCI6IkpXVCJ9.eyJ0b2tlbl90eXBlIjoicmVmcmVzaCIsImV4cCI6MTY4MjUyMzAwNywiaWF0IjoxNjgyMDkxMDA3LCJqdGkiOiIzMmQzNzllOGU5OWU0MzFkOWY0YjViOGFjMjQ0MzkzNSIsInVzZXJfaWQiOjZ9.m468lksmh88jMgsZmchmFduGlsrK12uuk9bqETMA1dw",
    "created_at": "2023-04-21T15:30:07.226Z",
    "expires_at": "2023-04-26T15:30:07Z"
  }
},
{
  "model": "token_blacklist.outstandingtoken",
  "pk": 76,
  "fields": {
    "user": [
      "lu"
    ],
    "jti": "6efb2bdb16aa4bdca031f1abd53c9261",
    "token": "eyJhbGciOiJIUzI1NiIsInR5cCI6IkpXVCJ9.eyJ0b2tlbl90eXBlIjoicmVmcmVzaCIsImV4cCI6MTY4MjUyMzA2MSwiaWF0IjoxNjgyMDkxMDYxLCJqdGkiOiI2ZWZiMmJkYjE2YWE0YmRjYTAzMWYxYWJkNTNjOTI2MSIsInVzZXJfaWQiOjN9.uiIv1oHKhtCMmNQaIFRErlV0XcsoqUhmOvz0jQuMYBw",
    "created_at": "2023-04-21T15:31:01.605Z",
    "expires_at": "2023-04-26T15:31:01Z"
  }
},
{
  "model": "token_blacklist.outstandingtoken",
  "pk": 77,
  "fields": {
    "user": [
      "authur"
    ],
    "jti": "d99f788cdb2c447d9d2731a91582f14b",
    "token": "eyJhbGciOiJIUzI1NiIsInR5cCI6IkpXVCJ9.eyJ0b2tlbl90eXBlIjoicmVmcmVzaCIsImV4cCI6MTY4MjUyMzExMiwiaWF0IjoxNjgyMDkxMTEyLCJqdGkiOiJkOTlmNzg4Y2RiMmM0NDdkOWQyNzMxYTkxNTgyZjE0YiIsInVzZXJfaWQiOjZ9.f5qkEJS5dKSK4ZZXEqNkzDOKYSlMEqnOWOYYvPKgrnc",
    "created_at": "2023-04-21T15:31:52.513Z",
    "expires_at": "2023-04-26T15:31:52Z"
  }
},
{
  "model": "token_blacklist.outstandingtoken",
  "pk": 78,
  "fields": {
    "user": [
      "lu"
    ],
    "jti": "a9774254bbfb4e38a627d77a87938a3d",
    "token": "eyJhbGciOiJIUzI1NiIsInR5cCI6IkpXVCJ9.eyJ0b2tlbl90eXBlIjoicmVmcmVzaCIsImV4cCI6MTY4MjUyMzE0NywiaWF0IjoxNjgyMDkxMTQ3LCJqdGkiOiJhOTc3NDI1NGJiZmI0ZTM4YTYyN2Q3N2E4NzkzOGEzZCIsInVzZXJfaWQiOjN9.FRarM86dA8kejsSVRoinyT84leopfbj_vS0rnXHQgJY",
    "created_at": "2023-04-21T15:32:27.130Z",
    "expires_at": "2023-04-26T15:32:27Z"
  }
},
{
  "model": "token_blacklist.outstandingtoken",
  "pk": 79,
  "fields": {
    "user": [
      "bob"
    ],
    "jti": "82a9562c872448d7b7ed633697950ec7",
    "token": "eyJhbGciOiJIUzI1NiIsInR5cCI6IkpXVCJ9.eyJ0b2tlbl90eXBlIjoicmVmcmVzaCIsImV4cCI6MTY4MjUyMzIzNiwiaWF0IjoxNjgyMDkxMjM2LCJqdGkiOiI4MmE5NTYyYzg3MjQ0OGQ3YjdlZDYzMzY5Nzk1MGVjNyIsInVzZXJfaWQiOjJ9._7XUaMtRY1uMXLKdRH6ogW1lV25NfssNTm10RBB6W_0",
    "created_at": "2023-04-21T15:33:56.818Z",
    "expires_at": "2023-04-26T15:33:56Z"
  }
},
{
  "model": "token_blacklist.outstandingtoken",
  "pk": 80,
  "fields": {
    "user": [
      "bob"
    ],
    "jti": "6692cb77d32c4b5eaf77bc87a0316933",
    "token": "eyJhbGciOiJIUzI1NiIsInR5cCI6IkpXVCJ9.eyJ0b2tlbl90eXBlIjoicmVmcmVzaCIsImV4cCI6MTY4MjUyMzU2MSwiaWF0IjoxNjgyMDkxNTYxLCJqdGkiOiI2NjkyY2I3N2QzMmM0YjVlYWY3N2JjODdhMDMxNjkzMyIsInVzZXJfaWQiOjJ9.hHUfae-1_8nB3UL-BIuVTMwEK7uDk9ww0ACK7pA_2rU",
    "created_at": "2023-04-21T15:39:21.815Z",
    "expires_at": "2023-04-26T15:39:21Z"
  }
},
{
  "model": "admin.logentry",
  "pk": 1,
  "fields": {
    "action_time": "2023-04-16T17:34:11.231Z",
    "user": [
      "admin"
    ],
    "content_type": [
      "accounts",
      "user"
    ],
    "object_id": "3",
    "object_repr": "lu",
    "action_flag": 2,
    "change_message": "[{\"changed\": {\"fields\": [\"Address\", \"Avatar\"]}}]"
  }
},
{
  "model": "admin.logentry",
  "pk": 2,
  "fields": {
    "action_time": "2023-04-16T17:37:13.273Z",
    "user": [
      "admin"
    ],
    "content_type": [
      "property",
      "property"
    ],
    "object_id": "1",
    "object_repr": "id: 1: Spacious family cottage 45 mins from GTA!",
    "action_flag": 1,
    "change_message": "[{\"added\": {}}]"
  }
},
{
  "model": "admin.logentry",
  "pk": 3,
  "fields": {
    "action_time": "2023-04-16T17:39:12.548Z",
    "user": [
      "admin"
    ],
    "content_type": [
      "property",
      "property"
    ],
    "object_id": "2",
    "object_repr": "id: 2: Serene & Spacious Home in Creemore Countryside",
    "action_flag": 1,
    "change_message": "[{\"added\": {}}]"
  }
},
{
  "model": "admin.logentry",
  "pk": 4,
  "fields": {
    "action_time": "2023-04-16T17:40:49.450Z",
    "user": [
      "admin"
    ],
    "content_type": [
      "property",
      "property"
    ],
    "object_id": "3",
    "object_repr": "id: 3: The Knotty Pine a Romantic Getaway",
    "action_flag": 1,
    "change_message": "[{\"added\": {}}]"
  }
},
{
  "model": "admin.logentry",
  "pk": 5,
  "fields": {
    "action_time": "2023-04-16T17:41:18.575Z",
    "user": [
      "admin"
    ],
    "content_type": [
      "property",
      "property"
    ],
    "object_id": "2",
    "object_repr": "id: 2: Serene & Spacious Home in Creemore Countryside",
    "action_flag": 2,
    "change_message": "[{\"changed\": {\"fields\": [\"Content\"]}}]"
  }
},
{
  "model": "admin.logentry",
  "pk": 6,
  "fields": {
    "action_time": "2023-04-16T17:41:37.288Z",
    "user": [
      "admin"
    ],
    "content_type": [
      "property",
      "property"
    ],
    "object_id": "3",
    "object_repr": "id: 3: The Knotty Pine a Romantic Getaway",
    "action_flag": 2,
    "change_message": "[{\"changed\": {\"fields\": [\"Content\"]}}]"
  }
},
{
  "model": "admin.logentry",
  "pk": 7,
  "fields": {
    "action_time": "2023-04-16T17:41:58.525Z",
    "user": [
      "admin"
    ],
    "content_type": [
      "property",
      "property"
    ],
    "object_id": "1",
    "object_repr": "id: 1: Spacious family cottage 45 mins from GTA!",
    "action_flag": 2,
    "change_message": "[{\"changed\": {\"fields\": [\"Content\"]}}]"
  }
},
{
  "model": "admin.logentry",
  "pk": 8,
  "fields": {
    "action_time": "2023-04-16T17:45:30.272Z",
    "user": [
      "admin"
    ],
    "content_type": [
      "property",
      "photo"
    ],
    "object_id": "5",
    "object_repr": "Spacious family cottage 45 mins from GTA! property_photos/059b27f3-99af-4e61-995b-1b1475f22269.webp",
    "action_flag": 1,
    "change_message": "[{\"added\": {}}]"
  }
},
{
  "model": "admin.logentry",
  "pk": 9,
  "fields": {
    "action_time": "2023-04-16T17:45:43.942Z",
    "user": [
      "admin"
    ],
    "content_type": [
      "property",
      "photo"
    ],
    "object_id": "6",
    "object_repr": "Spacious family cottage 45 mins from GTA! property_photos/1c646be4-f93b-4eb3-a8b5-9b6573f1fe87.webp",
    "action_flag": 1,
    "change_message": "[{\"added\": {}}]"
  }
},
{
  "model": "admin.logentry",
  "pk": 10,
  "fields": {
    "action_time": "2023-04-16T19:09:51.158Z",
    "user": [
      "admin"
    ],
    "content_type": [
      "property",
      "property"
    ],
    "object_id": "5",
    "object_repr": "id: 5: $0 Cleaning Fee - 10 Min walk to Stampede!",
    "action_flag": 2,
    "change_message": "[{\"changed\": {\"fields\": [\"Content\", \"Amenities\"]}}]"
  }
},
{
  "model": "admin.logentry",
  "pk": 11,
  "fields": {
    "action_time": "2023-04-20T20:00:25.847Z",
    "user": [
      "admin"
    ],
    "content_type": [
      "reservations",
      "reservations"
    ],
    "object_id": "1",
    "object_repr": "Reservations object (1)",
    "action_flag": 1,
    "change_message": "[{\"added\": {}}]"
  }
},
{
  "model": "admin.logentry",
  "pk": 12,
  "fields": {
    "action_time": "2023-04-20T20:01:01.316Z",
    "user": [
      "admin"
    ],
    "content_type": [
      "reviews",
      "review"
    ],
    "object_id": "1",
    "object_repr": "id:1 asdsadsa - lu",
    "action_flag": 1,
    "change_message": "[{\"added\": {}}]"
  }
},
{
  "model": "admin.logentry",
  "pk": 13,
  "fields": {
    "action_time": "2023-04-18T02:27:26.928Z",
    "user": [
      "admin"
    ],
    "content_type": [
      "reservations",
      "reservations"
    ],
    "object_id": "1",
    "object_repr": "Reservations object (1)",
    "action_flag": 3,
    "change_message": ""
  }
},
{
  "model": "admin.logentry",
  "pk": 14,
  "fields": {
    "action_time": "2023-04-18T02:27:31.542Z",
    "user": [
      "admin"
    ],
    "content_type": [
      "reviews",
      "review"
    ],
    "object_id": "1",
    "object_repr": "id:1 Loved it, would go again! - lu",
    "action_flag": 3,
    "change_message": ""
  }
},
{
  "model": "admin.logentry",
  "pk": 15,
  "fields": {
    "action_time": "2023-04-18T02:31:02.263Z",
    "user": [
      "admin"
    ],
    "content_type": [
      "reservations",
      "reservations"
    ],
    "object_id": "2",
    "object_repr": "Reservations object (2)",
    "action_flag": 2,
    "change_message": "[{\"changed\": {\"fields\": [\"Status\"]}}]"
  }
},
{
  "model": "admin.logentry",
  "pk": 16,
  "fields": {
    "action_time": "2023-04-21T05:49:28.755Z",
    "user": [
      "admin"
    ],
    "content_type": [
      "reviews",
      "review"
    ],
    "object_id": "3",
    "object_repr": "id:3 GOod - bob",
    "action_flag": 1,
    "change_message": "[{\"added\": {}}]"
  }
},
{
  "model": "admin.logentry",
  "pk": 17,
  "fields": {
    "action_time": "2023-04-21T05:55:17.041Z",
    "user": [
      "admin"
    ],
    "content_type": [
      "reviews",
      "response"
    ],
    "object_id": "7",
    "object_repr": "Response object (7)",
    "action_flag": 3,
    "change_message": ""
  }
},
{
  "model": "admin.logentry",
  "pk": 18,
  "fields": {
    "action_time": "2023-04-21T05:55:17.394Z",
    "user": [
      "admin"
    ],
    "content_type": [
      "reviews",
      "response"
    ],
    "object_id": "8",
    "object_repr": "Response object (8)",
    "action_flag": 3,
    "change_message": ""
  }
},
{
  "model": "admin.logentry",
  "pk": 19,
  "fields": {
    "action_time": "2023-04-21T05:55:17.716Z",
    "user": [
      "admin"
    ],
    "content_type": [
      "reviews",
      "response"
    ],
    "object_id": "9",
    "object_repr": "Response object (9)",
    "action_flag": 3,
    "change_message": ""
  }
},
{
  "model": "admin.logentry",
  "pk": 20,
  "fields": {
    "action_time": "2023-04-21T05:55:18.749Z",
    "user": [
      "admin"
    ],
    "content_type": [
      "reviews",
      "response"
    ],
    "object_id": "10",
    "object_repr": "Response object (10)",
    "action_flag": 3,
    "change_message": ""
  }
},
{
  "model": "admin.logentry",
  "pk": 21,
  "fields": {
    "action_time": "2023-04-21T06:07:15.529Z",
    "user": [
      "admin"
    ],
    "content_type": [
      "reservations",
      "reservations"
    ],
    "object_id": "6",
    "object_repr": "Reservations object (6)",
    "action_flag": 2,
    "change_message": "[{\"changed\": {\"fields\": [\"Status\"]}}]"
  }
},
{
  "model": "admin.logentry",
  "pk": 22,
  "fields": {
    "action_time": "2023-04-21T06:11:20.764Z",
    "user": [
      "admin"
    ],
    "content_type": [
      "reviews",
      "review"
    ],
    "object_id": "4",
    "object_repr": "id:4 Very nice place - bob",
    "action_flag": 1,
    "change_message": "[{\"added\": {}}]"
  }
},
{
  "model": "admin.logentry",
  "pk": 23,
  "fields": {
    "action_time": "2023-04-21T06:11:49.587Z",
    "user": [
      "admin"
    ],
    "content_type": [
      "reviews",
      "review"
    ],
    "object_id": "5",
    "object_repr": "id:5 GOod - helena",
    "action_flag": 1,
    "change_message": "[{\"added\": {}}]"
  }
},
{
  "model": "admin.logentry",
  "pk": 24,
  "fields": {
    "action_time": "2023-04-21T08:18:32.476Z",
    "user": [
      "admin"
    ],
    "content_type": [
      "reviews",
      "review"
    ],
    "object_id": "6",
    "object_repr": "id:6 Good guest - lu",
    "action_flag": 3,
    "change_message": ""
  }
},
{
  "model": "admin.logentry",
  "pk": 25,
  "fields": {
    "action_time": "2023-04-21T15:38:17.163Z",
    "user": [
      "admin"
    ],
    "content_type": [
      "notifications",
      "notification"
    ],
    "object_id": "34",
    "object_repr": "id: 34 bob 2023-04-21 15:38:17",
    "action_flag": 1,
    "change_message": "[{\"added\": {}}]"
  }
},
{
  "model": "admin.logentry",
  "pk": 26,
  "fields": {
    "action_time": "2023-04-21T15:38:21.962Z",
    "user": [
      "admin"
    ],
    "content_type": [
      "notifications",
      "notification"
    ],
    "object_id": "35",
    "object_repr": "id: 35 bob 2023-04-21 15:38:21",
    "action_flag": 1,
    "change_message": "[{\"added\": {}}]"
  }
},
{
  "model": "admin.logentry",
  "pk": 27,
  "fields": {
    "action_time": "2023-04-21T15:38:26.570Z",
    "user": [
      "admin"
    ],
    "content_type": [
      "notifications",
      "notification"
    ],
    "object_id": "36",
    "object_repr": "id: 36 bob 2023-04-21 15:38:26",
    "action_flag": 1,
    "change_message": "[{\"added\": {}}]"
  }
},
{
  "model": "admin.logentry",
  "pk": 28,
  "fields": {
    "action_time": "2023-04-21T15:38:34.714Z",
    "user": [
      "admin"
    ],
    "content_type": [
      "notifications",
      "notification"
    ],
    "object_id": "37",
    "object_repr": "id: 37 bob 2023-04-21 15:38:34",
    "action_flag": 1,
    "change_message": "[{\"added\": {}}]"
  }
},
{
  "model": "admin.logentry",
  "pk": 29,
  "fields": {
    "action_time": "2023-04-21T15:38:38.787Z",
    "user": [
      "admin"
    ],
    "content_type": [
      "notifications",
      "notification"
    ],
    "object_id": "38",
    "object_repr": "id: 38 bob 2023-04-21 15:38:38",
    "action_flag": 1,
    "change_message": "[{\"added\": {}}]"
  }
},
{
  "model": "admin.logentry",
  "pk": 30,
  "fields": {
    "action_time": "2023-04-21T15:38:42.429Z",
    "user": [
      "admin"
    ],
    "content_type": [
      "notifications",
      "notification"
    ],
    "object_id": "39",
    "object_repr": "id: 39 bob 2023-04-21 15:38:42",
    "action_flag": 1,
    "change_message": "[{\"added\": {}}]"
  }
}
]
